id,name,surname,subject_name,primary_skill
1,Daloris,Dullingham,Solan og Ludvig: Jul i Flåklypa,Athletic Training
2,Roley,Mityukov,Attack of the Killer Tomatoes!,FSC certified
3,Pembroke,Rodda,Four Men and a Prayer,Fashion Photography
4,Marlena,Kinney,"Loser Takes All, The (O hamenos ta pairnei ola)",MBCI
5,Farley,Fairbairn,"Poker Club, The",iGaming
6,Enrico,Geraldo,Twelfth Night,WMI
7,Dill,Vasilov,"Greatest, The",Auditing
8,Johnnie,Greystock,Cain and Mabel,Signal Processing
9,Shermie,Meaders,"Innkeepers, The",Real Estate Due Diligence
10,Filide,Shutt,Six Days,Land Development
11,Sigismond,Appleby,Badman's Country,Kaizen
12,Lionel,Girardini,"See You in Hell, My Darling (Tha se do stin Kolasi, agapi mou)",Civil Engineering
13,Debbi,Conduit,I Met Him in Paris,Gnuplot
14,Dyana,Toman,13 Tzameti,Young People
15,Liane,McCaffrey,Seeking Asian Female,ISO/TS 16949
16,Florina,Huck,"Watch, The",ISO 22000
17,Caren,Djakovic,Full Moon High,NLRB
18,Tyne,Erickson,Losers' Club (Kaybedenler kulübü),Mplus
19,Bobbie,Ede,"300 Spartans, The",BCMS
20,Arnaldo,Fort,Hurlyburly,Psychometrics
21,Kerianne,Brockwell,"Silent Scream, The",BPA
22,Ringo,Colliver,Dark Night of the Scarecrow,Databases
23,Carolan,Tofts,"American Dream, An",SFR
24,Riordan,McKinstry,"Killing of America, The",AOC
25,Anjela,Davidwitz,One Spy Too Many,Administrative Law
26,Johann,Simmers,"Pink Panther 2, The",Xpediter
27,Saw,Giacomi,3 Women (Three Women),Sony Vegas
28,Etta,Whitechurch,"Storm Warriors, The (Fung wan II)",DOS
29,Verla,Dawidman,"Adventures of Mark Twain, The",Offshore Drilling
30,Hobard,Tumioto,"Dream of Light (a.k.a. Quince Tree Sun, The) (Sol del membrillo, El)",Global Health
31,Dierdre,Diggins,"Incredible Journey, The",TVPaint
32,Janos,Hallgath,Light Is Calling,Human Factors
33,Christel,McGlynn,Berlin Is in Germany,EBIT
34,Tedda,Lethabridge,A Night in the Show,Urbanism
35,Elaine,Ongin,Curse of the Ring (Ring of the Nibelungs),AOG
36,Carrissa,Pyper,Birthday Girl,Global Mobility
37,Bernie,Laughlan,Red 2,Xsan
38,Carolynn,Stokey,Tales of the Grim Sleeper,Multi-Unit
39,Jayne,Leader,Port of Shadows (Quai des brumes),NT 4.0
40,Cristi,Gillimgham,Children of a Lesser God,Hypertension
41,Olly,Rigts,The Girls,BDMS
42,Liv,Barber,Company of Heroes,Ksh
43,Laurella,Silversmidt,Chronicle of an Escape (Crónica de una fuga),Print On Demand
44,Vasili,Binden,"Saratov Approach, The",RFI
45,Vince,Lotte,Death by Hanging (Koshikei),Umbraco
46,Benji,Cockin,The Bone Snatcher,GDS systems
47,Renaldo,Shovlar,Light the Fuse... Sartana Is Coming,CCTV
48,Isidro,Dunstan,SherryBaby,VA Loans
49,Harwell,Hallt,Flaming Creatures,NLS
50,Regan,McLise,Free The Mind,KOL Management
51,Retha,Lamasna,Lupin III: Sweet Lost Night (Rupan Sansei: Sweet Lost Night),JAX-WS
52,Madelina,Shelmardine,Gotcha!,BTS
53,Meryl,Scroggie,"Take Her, She's Mine",HTRF
54,Brendan,Dumbellow,Garden State,European Markets
55,Zarah,Wightman,"Miracle of Bern, The (Wunder von Bern, Das)",HP Quality Center
56,Torrance,Faber,Mississippi Grind,HP EVA
57,Jolene,Mottini,"Big Street, The",AHP
58,Rubia,Bigglestone,"Tempest, The",Oracle VM
59,Ruggiero,Roocroft,When a Man Loves a Woman,KVM
60,Edythe,Cheake,"Best Exotic Marigold Hotel, The",EP
61,Melita,Sevin,Emitai,OHS
62,Marian,Pitceathly,Murder on the Orient Express,Feasibility Studies
63,Remus,Gilyatt,Double Wedding,Global Management
64,Darryl,Klulisek,Shadowboxer,Physician Relations
65,Troy,Kevern,Patriotism (Yûkoku),Sleep Disorders
66,Doralin,D'Ambrogi,"Experiment, The",ATR-FTIR
67,Winfield,Georgiev,Sex and the Single Girl,TSRM
68,Cherilyn,Constance,"Rare Breed, The",Analytics
69,Drusi,Turrill,Hum Aapke Hain Koun...!,HVDC
70,Stepha,Danes,Joan Rivers: A Piece of Work,Customer Acquisition
71,Jessika,Cornehl,"Prisoner of Zenda, The",Oracle RAC
72,Bradley,Threader,Love in Another Language (Baska Dilde Ask),Politics
73,Sena,Pantin,Four Eyed Monsters,TSP
74,Fonz,Spradbery,Buddy Boy,Year End Accounts
75,Georgy,Dicke,Tis kakomoiras,Employee Engagement
76,Stanley,Garci,"Queen Margot (Reine Margot, La)",GCIA
77,Rees,Wigan,Smokey and the Bandit II,DG Sets
78,Manya,Beardsall,"Uninvited, The",SAP MM Module
79,Adolf,MacInnes,"White Sun of the Desert, The (Beloe solntse pustyni)",EIFS
80,Bancroft,Poge,Nomads,GTD
81,Lizzy,MacGuffog,Being There,CDS
82,Durand,Challicombe,Cloak & Dagger,Nios II
83,Raynard,Spon,From the East (D'Est),Mac &amp; PC platforms
84,Ulrikaumeko,Eyrl,Just love me (Tylko mnie kochaj),DTD
85,Bronnie,Aysik,"Horror Hotel (a.k.a. City of the Dead, The)",Nielsen Data
86,Clemence,Lansbury,Fairhaven,Corporate Events
87,Rufus,Dacca,"View from the Top, A",GPU
88,Lynnet,Guidone,More Than a Game,Judo
89,Avram,Bluett,"Tall T, The",Google Apps
90,Barbi,Norster,Cruel Intentions 2 (Cruel Intentions 2: Manchester Prep),iWay
91,Dillon,Pimerick,To Be and to Have (Être et avoir),iGaming
92,Wade,Pirolini,GhostWatcher,VTP
93,Evangelina,Hansard,"Doll's House, A",Ember.js
94,Sharlene,Bengall,"Oh, Heavenly Dog!",OLAP Cube Studio
95,Toiboid,Kollatsch,"Noah's Arc Principle, The (Arche Noah Prinzip, Das)",EELS
96,Zollie,Ebdin,"Tall Guy, The",NDIS
97,Eben,Francesc,Clifford's Really Big Movie,vCenter Server
98,Adriane,Lovstrom,That's My Boy,Professional Services
99,Joelynn,Figgess,The Monastery of Sendomir,Enzyme Kinetics
100,Jewell,Sammonds,Mág,Operational Excellence
101,Joleen,Mettricke,House of Wax,Cinema 4D
102,La verne,Shaxby,Home,MW
103,Laughton,Ville,7th Cavalry (Seventh Cavalry),HP NonStop
104,Gilda,Boutell,Only the Young,FCoE
105,Christoffer,Kleinstub,"Sugar Curtain, The (El telón de azúcar)",Jitterbit
106,Cathrine,Walhedd,Toi et Moi,Electricity
107,Fianna,Leall,Madhouse,IFS
108,Jean,Rizzolo,Stop-Loss,Vulnerability
109,Dinnie,Semiras,Casey Jones,Engineering
110,Issiah,Alywin,Poison,Employee Relations
111,Bernie,Langford,Captain from Castile,SAP MM
112,Jordanna,Caddy,Anatomy of a Love Seen,Canon XL2
113,Lewes,Clethro,My Name is Khan,FM200
114,Jordan,Matzeitis,White of the Eye,QSIG
115,Gabie,Pountain,Wanda Sykes: Sick and Tired,Virtualization
116,Merridie,Olesen,Paradise,Smart Cards
117,Zarla,Larby,"Circus, The",Pharmaceutical Industry
118,Burnaby,Rounsefull,"Reader, The",Black Box Testing
119,Kathy,Fernanando,Vehicle 19,US GAAP
120,Davey,Bowich,Confetti,Timber
121,Wilow,McChruiter,Vlad Tepes (Vlad &#354;epe&#351;),VoIP
122,Elberta,Duncklee,"2 Fast 2 Furious (Fast and the Furious 2, The)",XPDL
123,Steffane,Ausher,247°F ,EH&amp;S Compliance
124,Menard,Clayworth,All About the Feathers (Por Las Plumas),NHL
125,Brice,Eakley,Fools Rush In,JBoss EAP
126,Christie,Usher,Capricious Summer (Rozmarné léto),ASIC
127,Sergei,Van Der Straaten,No Impact Man: The Documentary,Non-fiction
128,Corny,Abrams,Flicka,Eye Exams
129,Rosanne,Doers,Tomorrow at Dawn (Demain dès l'aube),MMIS
130,Caesar,McDirmid,Dealer,Jazz
131,Stormy,Johananov,Gui Si (Silk),LTO
132,Daphne,Pauling,Wag the Dog,Epic Systems
133,Augustine,Forlonge,Kicked in the Head,EBIT
134,Jany,Asgodby,Things Behind the Sun,HDF5
135,Lavinie,Kerby,Harold & Kumar Escape from Guantanamo Bay,NGOSS
136,Lyon,Le Gallo,Thief,Wwise
137,Udell,O'Caherny,Frank and Ollie,Aerial Cinematography
138,Frederich,Mozzetti,"Pyramid, The",Wind Turbines
139,Caleb,Gallamore,"Soul of a Man, The",CNC Operation
140,Camile,Bedboro,Buchanan Rides Alone,Sleepwear
141,Tannie,Delgardo,"Island of Dr. Moreau, The",Ultra Low Latency
142,Jean,Kingsford,Union Square,HW/SW integration
143,Dorella,Piscot,"Big Mommas: Like Father, Like Son",CSM
144,Willabella,Whitehead,Silent Hill: Revelation 3D,Career Counseling
145,Madelin,Foster,The Package,Jin Shin Jyutsu
146,Rhianna,Doole,Retribution (Sakebi),Service Delivery
147,Sammie,Redley,"Wood, The",Oil &amp; Gas Services
148,Milo,Farrens,Miss Granny,Web Applications
149,Kimberley,Dumphries,Roadside Prophets,FDMA
150,Olivier,Nalder,18 Years Old and Rising (J'aime regarder les filles),Rugby Union
151,Kaile,Greendale,Tyler Perry's The Family That Preys,BMI
152,Ellette,Medland,Purely Belter,Utilities
153,Tim,Gledstane,"Pervert's Guide to Ideology, The",MXG
154,Petronille,Gebbie,Fire Over England,SDL Trados
155,Thorvald,Fleming,Jellyfish (Meduzot),Gynecology
156,Calypso,Lund,Het Vonnis,JFace
157,Jacquetta,Lindell,Marquis,Ships
158,Kerry,Hindenberger,Star Trek III: The Search for Spock,Military Experience
159,Alasteir,Bock,Kicking & Screaming,Dublin Core
160,Donnie,McGregor,Blume in Love,HSSE
161,Emelda,Trythall,This Is the Army,TPD
162,Wye,Kimbly,Sarafina!,Humanitarian
163,Darrin,Boldison,American Pastime,DBE
164,Obadiah,Bugg,Autumn Sonata (Höstsonaten),Rolling Stock
165,Juliann,Dunstan,"King and the Mockingbird, The (Le roi et l'oiseau)",QPST
166,Lisha,Bravey,"Nightmare Before Christmas, The",XP Professional
167,Wheeler,Macenzy,"Naked Edge, The",DDoS
168,Gerhardine,MacClinton,Larger Than Life,McAfee
169,Kassie,Cloughton,Good Burger,Charitable Giving
170,Darbie,Sline,Black Widow,iGaming
171,Steffen,Olenikov,Stage Beauty,Outside Sales
172,Heddie,Krystof,"Personal History, Adventures, Experience, & Observation of David Copperfield the Younger, The (a.k.a. David Copperfield)",Commercial Aviation
173,Flint,Caldaro,Gimme Shelter,Options
174,Worden,Dewhirst,Scent of a Woman (Profumo di donna),DMVPN
175,Fionna,Drever,Private Lessons,FCC
176,Rani,Summers,Everest,Oz Principle
177,Joanna,Forshaw,Coelacanth: The Fish That Time Forgot,RFQ Development
178,Michaeline,Serck,Beijing Bicycle (Shiqi sui de dan che),Poka Yoke
179,Kania,Wraighte,FairyTale: A True Story,QuarkXPress
180,Lanny,Scarse,Botched,Certified DDI Facilitator
181,Marnia,Carette,"Teahouse of the August Moon, The",GSI
182,Rich,Coxhell,Digging to China,Switching
183,Jemima,Cuningham,"Last Rites of Joe May, The",Graphic Illustrations
184,Delora,Whitehorne,Jesus liebt mich,HR Consulting
185,Nicol,O'Looney,Two if by Sea,RMF
186,Micky,Gail,Mysterious Mr. Moto,DDIC
187,Boyce,Wharin,Fangs of the Living Dead (Malenka),Technical Recruiting
188,Desiri,Cheney,"Memphis Belle: A Story of a Flying Fortress, The",Business Owner Planning
189,Theodor,Paddison,Ivanhoe,Snow
190,Lindsey,Ouldcott,"Brotherhood, The",OS/390
191,William,Cowans,Poolboy: Drowning Out the Fury,Avid Xpress
192,Gunner,Helleckas,"Commitments, The",Windows XP
193,Davida,Trussman,Puppet Master: The Legacy (Puppet Master 8),DXX
194,Liane,Itzkovitch,Insomnia,Branding
195,Nappie,Jorez,"City of No Limits, The (la ciudad sin límites, En)",Ion Implantation
196,Rosemonde,Cluer,My Little Business (Ma petite entreprise),Civil Society
197,Elbert,Crookall,Crime Lords of Tokyo,Emergency Room
198,Berkly,Bratcher,Suspiria,HTA
199,Adelbert,Remon,"Cathedral, The (Katedra)",Pre-sales
200,Emelda,Segoe,Chasing Christmas,MM modules
201,Marietta,Djorvic,Bitter Sweet,XCAP
202,Artair,Morhall,Secret Honor,DPF
203,Hadrian,Marjot,Flesh and Blood,Petroleum
204,Ivie,Langhor,Return from Witch Mountain,Csh
205,Corbet,Few,"Old Man and the Sea, The",OSI Model
206,Yorke,Manilow,Continental Divide,SharePoint Designer
207,Beret,Spurnier,Last of the Dogmen,Brochures
208,Hurlee,Patemore,Coup de grâce (Der Fangschuß),VAS
209,Martie,O' Dornan,"Royal Scandal, The",Emerging Markets
210,Gav,Order,El Dorado,Guest Recovery
211,Herc,Schleswig-Holstein,"Secret of the Grain, The (La graine et le mulet)",Registered Nurses
212,Olav,Farnfield,"Fox, The",DV Cleared
213,Larina,Clempton,"Innocent, The",Oceanography
214,Mendy,Eates,Jay And Silent Bob's Super Groovy Cartoon Movie,Sybase IQ
215,Fleur,Churms,Walking with Prehistoric Beasts,Purchase Management
216,Goran,Kilvington,Fall of the Republic: The Presidency of Barack H. Obama,HP-UX
217,Jami,Attarge,Monsters,EAI
218,Marilyn,Antrobus,Street People,Working Abroad
219,Shaylynn,Heskin,Bird on a Wire,SD
220,Cesya,Valder,Dead End,XMLBeans
221,Der,Whittlesea,Christmas Eve,Purchase Management
222,Dorri,Itzhaki,"Wasp Woman, The",System Administration
223,Colin,Illesley,"Iron Rose, The (Rose de fer, La)",IED
224,Neils,Cordelle,Spider,Multi-Unit Management
225,Giorgio,Bartolomucci,"Prisoner of Zenda, The",WAN
226,Happy,Sponton,Unconscious (Inconscientes),GST
227,Joell,Itzakovitz,A Gun for Jennifer,EWP
228,Roscoe,Matzl,Star 80,Nanofabrication
229,Magdalen,Kimbling,"Boy and His Dog, A",Mysticism
230,Angel,Goucher,Waydowntown,Ocular Disease
231,Isiahi,Bending,"Land Girls, The",DSE Assessments
232,Rhea,Tolomei,Mysterious Island,SDS-PAGE
233,Alister,Riping,Please Give,Board of Directors
234,Walther,Strangeways,"Tenant, The (Locataire, Le)",GPG
235,Lucretia,Wharram,Stargate: The Ark of Truth,PTP
236,Durante,Worboy,"Rape of Europa, The",Brand Ambassadorship
237,Constance,Beall,Underground,Help Desk Support
238,Izabel,Swyer,Standing in the Shadows of Motown,SAP-SD
239,Michal,Galfour,Asphalt Playground (La cité rose),RTK
240,Carolin,Braune,American Beauty,Visual Studio
241,Dee,Dolan,Late Chrysanthemums (Bangiku),ICD-10
242,Killian,Ferentz,Offside,Phase II Environmental Site Assessments
243,Sonia,Faint,Martin Lawrence Live: Runteldat,VPython
244,Corene,Langmuir,Restless Natives,LNG
245,Felice,Dealey,Familiar Ground,TTD
246,Shoshana,Scirman,Where Is Fred!? (Wo ist Fred?),DCAA
247,Claudius,Tilbury,Woman in the Dunes (Suna no onna),HCCP
248,Mahmud,Hayselden,"Brony Tale, A",Chemical Engineering
249,Rory,Hodgin,Boy,FWSM
250,Granthem,Dewick,Glumov's Diary (Dnevnik Glumova),UltraTax
251,Neall,Entwhistle,"Designated Mourner, The",PPP
252,Gretchen,MacPike,Red Ensign,Business Ideas
253,Lucila,Redrup,Eye of the Tiger,Event Production
254,Reta,Jory,Day & Night,MQC
255,Martin,Haggus,Braveheart,CCU
256,Stanwood,Regina,Quality Street,Google Adwords
257,Ibbie,Kybbye,"4th Man, The (Fourth Man, The) (Vierde man, De)",Firewalls
258,Darius,Filyashin,"Khroustaliov, My Car! (Khrustalyov, mashinu!)",MyEclipse
259,Sofie,Thacker,Vizontele Tuuba,BBQ
260,Maryann,Venus,"House on 92nd Street, The",GPS Units
261,Ervin,Stable,Futurama: Bender's Big Score,CXO
262,Garreth,Renals,Flamingo Road,LC-MS
263,Rudyard,Simeonov,Them!,Wicklander-Zulawski Interview &amp; Interrogation
264,Elwyn,Smiths,"Glass House, The",JBL
265,Gertie,Dumingo,Home Page,ITIL v3 Foundations Certified
266,Liza,Artinstall,Le Donk & Scor-zay-zee,Cisco MDS SAN switches
267,Domini,Tarquinio,Little Accidents,Continuous Improvement
268,Bessie,Kearton,Caramel (Sukkar banat),Food Quality
269,Ceciley,Van de Castele,The Diary of Preston Plummer,Cashiering
270,Marty,Bourgourd,"Lords of Discipline, The",DPM 2010
271,Bernardina,Kamall,"Ladykillers, The",Rural Development
272,Angel,Bellson,Felix the Cat: The Movie,Sports Psychology
273,Adelind,D'Aulby,This Is Where I Leave You,Oxides
274,Travis,Gilliam,"Believers, The",HP-UX
275,Monty,Annetts,"Mortician, The",FX Trading
276,Derby,Bellord,Godzilla vs. Destroyah (Gojira vs. Desutoroiâ) ,Feasibility Studies
277,Laura,O'Cannavan,Trailer Park Jesus,Federal Grants Management
278,Jobyna,Bigadike,"American, The",TFT
279,Tomasine,Hamblin,Kagemusha,NRI Services
280,Rudolfo,Rowdell,Dick Tracy,Ultrafiltration
281,Tobit,Ruddick,"Therese Raquin (a.k.a. Adultress, The)",Digital Electronics
282,Elinore,Gebhardt,Something Ventured,Trend Analysis
283,Jere,Buist,Cloudy with a Chance of Meatballs,IRS problem resolution
284,Vincenz,Doberer,"Legend of Drunken Master, The (Jui kuen II)",Situational Awareness
285,Mariquilla,Pennetta,"Tribe, The (Plemya)",NX-OS
286,Shoshanna,Auguste,Tall in the Saddle,Knowledge Base
287,Brandi,Parfett,16 Years of Alcohol,NT Backup
288,Ardeen,Babar,Papa's Delicate Condition,RF Scanners
289,Rockie,Osbourne,Pale Cocoon (Peiru Kokun),Electronic Warfare
290,Gale,Connar,Distant (Uzak),NLRB
291,Allard,Coleman,Willard,SSOP
292,Corey,Yeulet,Boogie Nights,Biblical Studies
293,Marlo,Areles,Taras Bulba,Healing
294,Trevar,Stadden,The Connection,Dump Truck
295,Margarita,Hollyer,San Pietro,Medical Education
296,Cortie,Lardier,"Manta, Manta",Information Architecture
297,Teddy,Maccraw,"Lucía, Lucía (Hija del caníbal, La)",Umbraco
298,Michaela,Annion,Midnight Movie,Editorial Illustrations
299,Lemmie,O'Riordan,Berta's Motives (Los motivos de Berta: Fantasía de Pubertad),Horticulture
300,Revkah,Rodliff,"Return of the Musketeers, The",GPRS
301,Betteann,Wesgate,"Wild Bunch, The",HUMINT
302,Sherwin,Dutteridge,"Strada, La",Following Up
303,Tamra,Boulton,Bucky Larson: Born to Be a Star,Bartending
304,Garold,Cornelissen,"Revenant, The",WPS
305,Adrian,Waddicor,Gunless,ZoomText
306,Barclay,MacElroy,Alone in the Wilderness,Bit.ly
307,Maribel,Hurdiss,Scandali nudi,Industrial Ethernet
308,Mirabelle,Alabaster,Bugsy,RTGS
309,Heywood,Blacker,Planet of the Apes,Avaya Technologies
310,Gardiner,Belham,Splitting Heirs,PMO Services
311,Conant,Chaunce,Rich in Love,Turbines
312,Fonzie,Biddles,Kiki,GTD
313,Dari,Seaking,Forgotten Silver,PJM
314,Cyndia,Sandifer,"Forbidden Kingdom, The",Zoom
315,Francoise,Cathersides,"Thin Blue Line, The",RSA SecurID
316,Orin,Auchterlony,Calculator,Social Media Outreach
317,Avictor,O'Curran,"Fortune, The",Fiber Optics
318,Dawn,Badland,Cooperstown,SR&amp;ED
319,Alister,Ambridge,Parked,DVB-H
320,Martynne,Aries,Monkeybone,HCS
321,Elva,Capelen,Lost Boys: The Thirst,Oracle Applications
322,Angel,Burchatt,Red State,NCBI
323,Merwyn,Gatward,Star Trek: Nemesis,Functional Verification
324,Beck,Righy,"Descent: Part 2, The",Navigation
325,August,Soldner,"Four Days of Naples, The (Le quattro giornate di Napoli)",Genomics
326,Krisha,Sandham,"Well Digger's Daughter, The (La fille du puisatier)",Norton Ghost
327,Evey,Costelow,My Life in Pink (Ma vie en rose),Yarn
328,Amandi,Matthias,Offender,VMware Player
329,Rhiamon,Clewlowe,Return,NDS
330,Cynthy,Mainston,"Desperate Hours, The",Juvenile Justice
331,Winfred,Firbanks,"Year of Living Dangerously, The",GPFS
332,Yale,Stockle,Rocket Singh: Salesman of the Year,MQC
333,Van,Showen,Budrus,Odeon
334,Mirelle,Giacopini,Salting the Battlefield,Athletic Training
335,Evangeline,Reeme,"Happiness Is a Warm Blanket, Charlie Brown",Iptables
336,Simone,Steenson,Contagion / Bio Slime,Drug Development
337,Odette,Tipling,"Move Over, Darling",UCP 600
338,Arel,O'Crevan,Trails (Veredas),JNCIP
339,Esma,Hundley,Someone Else's America,SSIS
340,Bengt,Toderini,Jerry Seinfeld: 'I'm Telling You for the Last Time',Git
341,Norton,Lenglet,Kvarteret Skatan reser till Laholm,Ember.js
342,Trisha,Vasile,Bewitched (Alter Ego),YouTube
343,Cordy,Ilbert,Confessions of a Dangerous Mind,Customer Retention
344,Tristam,Edbrooke,The Monastery of Sendomir,WDS
345,Demetrius,McCloch,Real Life,Skin
346,Stirling,Heckle,I Am Waiting (Ore wa matteru ze),Microsoft Dynamics ERP
347,Nadine,Blizard,"Plot Against Harry, The",Hearings
348,Prudy,Aldred,"Far Off Place, A",PBIS
349,Curran,Wreak,Iraq in Fragments,Dreamweaver
350,Maxie,Duchasteau,Scorcher,Rhinoceros
351,Jessica,Copplestone,Excuse My Dust,SQL
352,Josias,Thome,They Call Me Trinity,ZenCart
353,Edithe,Hanley,Stacy's Knights,OCaml
354,Ivory,Halfacre,Libel,Literacy
355,Chrystel,Ehrat,The Batman vs. Dracula,Jetty
356,Aprilette,Readwing,Fright Night,Green Belt
357,Dorene,Inston,Charly,IRI
358,Sholom,Dalliwater,Flicker,Dog Training
359,Gianni,Largent,Infestation,PyQt
360,Dunstan,Turpey,Hachiko: A Dog's Story (a.k.a. Hachi: A Dog's Tale),Payroll
361,Alma,Shirland,"Sunfish, The (Klumpfisken)",Capacity Utilization
362,Pamela,Gabala,Mad Bastards,GDAL
363,Kristine,Ridgeway,Bread and Chocolate (Pane e cioccolata),Corporate Governance
364,Cherilyn,Ruckhard,Very Annie Mary,Cellular Communications
365,Grady,Balasini,Casper Meets Wendy,Type 1 Diabetes
366,Krystle,Wandless,Newcastle,Editorial Illustrations
367,Caresse,Jarmaine,Grouse,RhinoCAM
368,Ezmeralda,Collin,"Eye of the Storm, The",GCIA
369,Erick,Leonardi,"Mystery of Picasso, The (Le mystère Picasso)",Wicklander-Zulawski Interview &amp; Interrogation
370,Carlin,Pottie,Through the Olive Trees (Zire darakhatan zeyton),SSOP
371,Berkeley,Dargie,Magnificent Obsession,LSAMS
372,George,O'Hoey,"Bourne Identity, The",CISA
373,Redd,Sutheran,"Brass Teapot, The",Ductwork
374,Shalom,Rupprecht,Michael Laudrup - en Fodboldspiller,Self-esteem
375,Loria,Neilly,"Mummy, The",Avaya AES
376,Broddie,Ricardin,"Myth of the American Sleepover, The",Banking
377,Tallou,Lycett,Green Street Hooligans 2,SharePoint Designer
378,Harbert,Howford,"Violent Cop (Sono otoko, kyôbô ni tsuki)",Media TV
379,Jean,Rolfini,Beethoven's 5th,AAMS
380,Dora,Been,Mahjong (Ma jiang),Power Generation
381,Hamel,Begley,Moontide,Photography
382,Boniface,Linnock,35 Shots of Rum (35 rhums),TPU
383,Jeremie,Leafe,Time Limit,Manual Therapy
384,Georgi,Bidmead,I Love You Phillip Morris,JMF
385,Ferrell,Hawkswell,Black Robe,Graduate Recruitment
386,Ulrikaumeko,Ugolini,Mighty Peking Man (a.k.a. Goliathon) (Xing xing wang),DV
387,Virgie,Garnsworth,Me Without You,DMVPN
388,Esma,Febry,Caprice,DMT
389,Aron,Packe,Svidd Neger,DoD
390,Natalee,Sanford,Zotz!,MYOB
391,Christine,Harms,Ghost Son,Distance Learning
392,Blithe,Stainland,My Lucky Stars (Fuk sing go jiu),Music Industry
393,Frederica,Matheson,Beneath the Dark,CQG
394,Carrol,Eshmade,Animated Motion: Part 5,Social Media Marketing
395,Tiffanie,Winward,Man's Castle,APO SNP
396,Levi,Vaugham,"If I Want to Whistle, I Whistle (Eu cand vreau sa fluier, fluier)",WSGI
397,Dani,Cirlos,Extraction,Apache Pig
398,Vail,Trusslove,Bombay Beach,Book Design
399,Abdul,Izachik,Favela Rising,NCARB
400,Bonita,Hayhow,"God is Great, I'm Not (Dieu est grand, je suis toute petite)",Cisco MDS SAN switches
401,Judd,Penhalewick,Resurrecting the Street Walker,Tourism Management
402,Caprice,Lukacs,To Tulsa and Back: On Tour with J.J. Cale,International NGOs
403,Carine,Vanner,Get Him to the Greek,FTO
404,Ray,Ivins,Picture Bride (Bijo photo),Job Costing
405,Kristos,Meaney,Live from Baghdad,GI
406,Curran,Chopping,Killer at Large,White Papers
407,Francesco,Andrzej,Norma Jean & Marilyn,Play by Play
408,Hugh,Mollene,The Crown Jewels,Supply Chain Management
409,Dalton,Gimenez,"Oh, God!",Gel Electrophoresis
410,Alair,Dumbreck,Willard,EH&amp;S Compliance
411,Cleon,Knaggs,"Frozen Ground, The",Hmong
412,Lambert,Maginn,More Than Honey,Zombies
413,Fleurette,Newlands,"Girl with the Dragon Tattoo, The (Män som hatar kvinnor)",Credit Risk
414,Johannah,Perris,BURN-E,Criminal Investigations
415,Ofelia,Mahon,Hawking,Architecture
416,Eartha,Deftie,Baxter,DP
417,Padraig,Etter,"Woman Who Wasn't There, The",Youth Outreach
418,Fredi,Flowerden,Big Bad Love,Peer Tutoring
419,Cybill,Ramsdale,Marnie,mTAB
420,Alva,Braddon,"Big Doll House, The",DV
421,Shirl,Batchelor,Gett: The Trial of Viviane Amsalem,RCA
422,Megan,Ivimey,Dr. No,WUFI
423,Lacie,Beardsdale,Yesterday,GPS Tracking
424,Virgie,Bushen,Alien Cargo,Call Centers
425,Derwin,Bradnocke,"Dark Half, The",Flatbed
426,William,Soughton,Reel Rock 7 ,Gaming Industry
427,Christiana,Ewenson,My Brother the Devil,Tomcat
428,Jacquie,Lomb,Romeo and Juliet,JAX-WS
429,Dolf,Pacitti,Hellgate,LPCVD
430,Trevar,Ambrogi,Bruce Almighty,Buyers
431,Mora,Montague,Tough Guys Don't Dance,IOS Firewall
432,Mabel,Brackenridge,"Misérables, Les",Fertilizers
433,Marielle,O'Dempsey,Orders to Kill,AAP
434,Editha,Redemile,House of Dracula,LCS
435,Lurette,Rust,"Four Feathers, The",MHE
436,Clemmie,Cuncliffe,Friends with Money,Igneous Petrology
437,Ricki,Cornell,2009: Lost Memories,Book Reviews
438,Effie,Alldred,"Doll Squad, The",Outdoor Advertising
439,Carey,Marle,Scenic Route,MDS 3.0
440,Anson,Cherry,History of Hell (Rosas Höllenfahrt),Operational Planning
441,Lorrayne,Pickin,High Risk,ISO 13485
442,Marcela,Wheal,Dutchman,RoboHelp
443,Jocelin,Trusse,Better Living Through Circuitry,SFR
444,Bard,Huchot,True Grit,NLS
445,Kelsey,Chastang,The Epic of Everest,JTA
446,Lynett,Nabarro,"Good Night, and Good Luck.",uC/OS-II
447,Forster,Taye,"Delivery, The",Avaya AES
448,Bathsheba,Muxworthy,Rendez-vous,LGD
449,Alessandra,Beattie,50 First Dates,BGA
450,Row,Prestwich,"Drawn Together Movie: The Movie!, The",JReport
451,Johnathan,Swanborough,Joe Strummer: The Future Is Unwritten,C-TPAT
452,Cynthy,Laviste,"Lawless, The",Pyrometallurgy
453,Anton,McMoyer,The Merry Widow,DMX
454,Winna,Roz,"Last Laugh, The (Letzte Mann, Der)",Systems Analysis
455,Kai,Gallamore,Van Gogh,Sound
456,Weylin,Haysman,Wise Blood,LPT
457,Dominick,Tonbridge,Evil (Ondskan),Market Knowledge
458,Sloan,Wrench,"Night to Remember, A",Relationship Building
459,Flo,Bessell,Chaplin,PK/PD
460,Phyllis,Troillet,Beautiful Lies (De vrais mensonges) (Full Treatment),Geomatics
461,Mufinella,Bruinemann,Cherry Falls,AQTF compliance
462,Carena,Tulk,"Wackness, The",Ice Hockey
463,Marna,MacComiskey,They Came Together,Pipelines
464,Welby,Dulson,Hellraiser: Revelations,IS-IS
465,Putnem,Strowthers,Mrs. Dalloway,Functional Verification
466,Trudy,Lusty,21,DDL
467,Chrysler,Palle,"Class, The (Klass)",YUM
468,Marco,Dielhenn,God Is the Bigger Elvis,NSIS
469,Milo,Brinkworth,Conquest of the Planet of the Apes,FW
470,Dana,Scholefield,Addicted to Love,Gmail
471,Nathan,Boaler,Ice Station Zebra,Crystal Xcelsius
472,Joe,Tomsa,Outside the Law,Personnel Management
473,Carleen,Glasebrook,Phat Girlz,Quantity Surveying
474,Jerrylee,Leser,Virginia,Foreign Policy
475,Cad,Waring,Touch of Pink,NFS
476,Maible,Hillin,"Sweet Hereafter, The",Interest Rate Swaps
477,Samara,Janczyk,Summer Catch,Television
478,Kayla,Bourcq,Jeepers Creepers,SBT
479,Ros,Duigenan,"Selfish Giant, The",CSRs
480,Mireille,Boame,No Holds Barred,Ignite-UX
481,Dicky,McAulay,Topsy-Turvy,Rent to Own
482,Gunther,Macellar,"Statues Also Die (Statues meurent aussi, Les)",VSTO
483,Amabel,Banker,7th Cavalry (Seventh Cavalry),Pdf
484,Merrily,Heinemann,Kill Me Later,HDL Designer
485,Abdel,O'Hearn,"Crazy, Stupid, Love.",Banners
486,Kiah,Tomczykowski,Seven Girlfriends,GSS
487,Parnell,Kyngdon,Charlie Chan's Chance,Alternative Investments
488,Rozalie,MacFarlan,"Girl, The",CSAT
489,Jacklin,Brason,Indiana Jones and the Kingdom of the Crystal Skull,IRS Enrolled Agent
490,Davie,Deare,Anatomy of a Murder,Executive Administrative Assistance
491,Davin,Ickovic,Without Limits,Xpress
492,Ibrahim,Casswell,The Confessions of Bernhard Goetz,AXI
493,Jenna,Ramelet,"Touch of Class, A",JNA
494,Doralynne,O'Griffin,"Monster X Strikes Back: Attack the G8 Summit, The (Girara no gyakushû: Tôya-ko Samitto kikiippatsu)",Editorial
495,Kinna,Cousens,Your Life in 65 (Tu vida en 65'),OC RDC
496,Shelbi,L'argent,Jerry Seinfeld: 'I'm Telling You for the Last Time',Applied Mathematics
497,Daryl,Burnapp,"Mermaid, The (Rusalka)",CPE
498,Gareth,Coggeshall,Last Run,Ericsson OSS
499,Roana,Queen,Happy People: A Year in the Taiga,QR
500,Breena,Keeting,Babylon 5: The Legend of the Rangers: To Live and Die in Starlight,NSIS
501,Bendix,Crebo,"Tulse Luper Suitcases, Part 1: The Moab Story, The",RTOS
502,Ronica,Lucks,Send Me No Flowers,Beverage Industry
503,Heidi,Billam,Helen,Direct Marketing
504,Sid,Fuentez,Saving Shiloh,VW
505,Nicolle,Wagg,"Naked Gun 2 1/2: The Smell of Fear, The",wxWidgets
506,Olivia,Casebourne,Smiling Fish and Goat on Fire,Web Content Management
507,Dwain,Bugdale,009 Re: Cyborg,Broadcast Television
508,Kelci,Gremain,Oh My God,TWiki
509,Westbrook,MacKeague,Bullitt,Nmap
510,Stanly,Betteridge,Tiresia,Unit Testing
511,Giffard,Scrafton,Relationship Status: It's Complicated,Unreal Engine 3
512,Pris,Quaintance,Mr. Mom,LPC
513,Ad,McGuane,"Spiderwick Chronicles, The",NCSS
514,Man,Costall,"Murderous Maids (Blessures assassines, Les)",Statistics
515,Mariquilla,Everington,In the Cut,Video Games
516,Shalne,Dickie,Stille nacht,Program Evaluation
517,Blakeley,Stoneman,Bronx Obama,IEC 61850
518,Poppy,Maroney,Santa Claus,AHA
519,Lorine,Sara,"Secret Life of Words, The",nCloth
520,Thatcher,Joan,"Same Time, Next Year",Fax
521,Pearline,Pietruschka,My Mother's Smile (a.k.a. The Religion Hour) (L'ora di religione) (Il sorriso di mia madre),JBL
522,Cory,Corps,Marquis,Tax Returns
523,Asia,Vel,Richard Pryor Live on the Sunset Strip,Immigration Law
524,Madlin,Paddeley,One Week,IEC 61131-3
525,Ettore,Tomlins,"Merchant of Venice, The",High Net Worth Individuals
526,Joyous,Aspel,Alexandria... Why? (Iskanderija... lih?),Citrix XenApp
527,Peder,Woolforde,"Stendhal Syndrome, The (Sindrome di Stendhal, La)",Physics
528,Graehme,Smither,From the Earth to the Moon,Failure Analysis
529,Rickard,McIlveen,"Journey of Natty Gann, The",GHP
530,Klarika,Walthall,Blonde Crazy,TSP
531,Carver,Hilhouse,CJ7 (Cheung Gong 7 hou),Lines Of Credit
532,Tammie,Hoofe,"Hunchback of Notre Dame, The (Notre Dame de Paris)",SDSF
533,Karia,Rojas,"Toxic Avenger Part III: The Last Temptation of Toxie, The",Capital Equipment
534,Felipe,Lockwood,By the Law,Clinical Trials
535,Perrine,Copsey,Hearts of Darkness: A Filmmakers Apocalypse,Customer Service
536,Theodoric,Drowsfield,Crime Zone,New Media
537,Lindsey,Giorgiutti,"Betrayed (True and the Brave, The)",Supply Management
538,Dame,Tattershaw,"Jacket, The",NQA-1
539,Ber,Tennewell,Last Call (Hoogste tijd),Planning
540,Carr,Shepard,Scandal Sheet,Clinical Research
541,Spencer,Kacheler,"Pretty One, The",Eyebrow
542,Salli,McDool,Faith Like Potatoes,Online Communications
543,Wiatt,MacIan,Terror in a Texas Town,Therapeutic Massage
544,Vanya,Gillie,"6th Man, The (Sixth Man, The)",Qbasic
545,Bethany,Beahan,Highball,BBP
546,Gerek,Kiggel,Batch '81,Microsoft Dynamics SL
547,Jesselyn,Baudry,Autómata (Automata),EEO Investigations
548,Richmound,Aris,Ghost Ship,Type Design
549,Alma,De la croix,Hopscotch,IPO
550,Maurine,Wingrove,Pokémon 3: The Movie,Avaya IP Telephony
551,Brandie,Whight,Gertrud,ZPL
552,Lenka,De Hailes,"Confessional, The (Confessionnal, Le)",IGRT
553,Deeanne,Smallbone,"Dark Corner, The",CDM Coordinator
554,Elmira,Balling,"Rink, The",Union Avoidance
555,Alethea,Leving,Confidential Agent,Business Development
556,Georgina,McGarva,My Old Lady,Yacht Racing
557,Thurstan,Huyge,"Matter of Taste, A (Affaire de Goût, Une)",Google Apps
558,Silvan,O'Crotty,Loaded,BS25999
559,Delcine,Gitsham,Trixie,NTP
560,Sabina,Basire,Jubilation Street,uCOS
561,Risa,Manoelli,Simple Simon (I rymden finns inga känslor),Smarty
562,Marianna,Ravenshear,The Count of Monte Cristo,Firewalls
563,Fons,Fullard,"Bow, The (Hwal)",MRO Management
564,Cristian,Vynarde,Muzi v nadeji,Aesthetic Surgery
565,L;urette,MacElane,Zorba the Greek (Alexis Zorbas),Insurance
566,Sandi,Eary,10 Years,Broadband
567,Julianne,Gentric,"Dream of Light (a.k.a. Quince Tree Sun, The) (Sol del membrillo, El)",Crystal Xcelsius
568,Whitney,McBeth,Tycoon,MVS
569,Gae,Grayshon,Two Shots Fired,PPA
570,Jakie,Ringer,Zombie and the Ghost Train (Zombie ja Kummitusjuna),DHTML
571,Connor,Bonett,"Law of Desire (Ley del deseo, La)",eGaming
572,Farr,Mateiko,Marley & Me,Stakeholder Management
573,Duff,Aldgate,"Last House on the Left, The",OmniPlan
574,Diena,Walcot,Hippie Masala - Forever in India,Microsoft MVP
575,Isabelle,Hellard,Captain from Castile,Non-Conforming
576,Kingston,Lynthal,"O Brother, Where Art Thou?",Linux Kernel
577,Walton,Ovington,Africa: The Serengeti,Office Management
578,Brad,Chirm,Kiss of the Damned,Assisting Others
579,Alix,Odgaard,"Sting II, The",SFIA
580,Aube,Demaid,"Art of Travel, The",International Trade
581,Helenelizabeth,Flattman,Nazarin (Nazarín),SI
582,Delphine,Burney,Frances,Microchip PIC
583,Karrie,Caslane,What to Expect When You're Expecting,Business Intelligence Tools
584,Fee,Hehir,Morning Glory,HDV
585,Catlaina,Vannini,Shirin,Interest Rate Derivatives
586,Merilyn,Balden,"Bridge, The (Die Brücke)",Human Resource Planning
587,Kiel,Mitkcov,"Sheik, The",CCDA
588,Maddie,Kinzel,Clash of the Wolves,iGrafx
589,Maynord,Ragbourn,Ice Poison,Amazon EBS
590,Eartha,Crutcher,"Lovely Bones, The",Oracle E-Business Suite
591,Donnamarie,Raiment,"Fearless Vampire Killers, The",Tax Research
592,Christy,Whitrod,Floods of Fear,Modeling
593,Broderick,Raymont,Better Off Dead...,Airline Management
594,Feliks,Gatenby,Pulse,TPMS
595,Chucho,MacCallum,August,MSBuild
596,Augie,Gosenell,Foxfire,WAN
597,Toby,Chatt,Innocent Lies,Git
598,Tommy,Vedeneev,The Interview,Wind Turbines
599,Niven,Thackeray,Our Town,Linux Kernel
600,Cos,Ellwell,Scanners III: The Takeover (Scanner Force),Financial Advisory
601,Lianna,Baudoux,See Heaven,CQ5
602,Gareth,Pee,Blackjack,CTD
603,Derick,Matzkaitis,Beauty #2,iGaming
604,Issi,Burle,Hotel Chevalier (Part 1 of 'The Darjeeling Limited'),Spreadsheets
605,Munroe,Sheirlaw,Lightning in a Bottle,Videography
606,Griffin,Gatman,Beavis and Butt-Head Do America,Kernel Programming
607,Zorine,Moulster,Bachelor Night,MVA
608,Elsey,Derl,"Downfall (Untergang, Der)",Zines
609,Sax,Lyttle,"Loss of Sexual Innocence, The",Communication
610,Thorin,Juszczak,15,Igloo
611,Jamie,Hucke,"Bonheur, Le",Credit
612,Jarret,Molson,Wild Wild West,Ice Hockey
613,Garvey,Castanho,Ambush Trail,TTP
614,Aguste,Toffetto,Roxanne,WCS
615,Justus,Baish,"Fly, The",Personal Training
616,Kasey,Permain,Rosso,Supply Chain
617,Ted,MacVanamy,"Pit, the Pendulum and Hope, The (Kyvadlo, jáma a nadeje)",Real Estate Transactions
618,Leta,Fortun,Sweet Smell of Success,Gymnastics
619,Elwira,Ryan,Jaws,NPV
620,Reade,Serginson,Unfinished Sky,SRP
621,Kirstin,Dufaur,Wah-Wah,XTRAC
622,Petr,Stranaghan,Anacondas: The Hunt for the Blood Orchid,Umbrellas
623,Lianna,Gornall,What's Your Number?,EASA
624,Hartwell,Starkings,Fire Birds,Tour Management
625,Dael,O' Mahony,Catch-22,NNMi
626,Nicholas,Beckers,Memoirs of a Geisha,HP Server Hardware
627,Briant,Siebert,Soldier,Radar
628,Bertie,Brimman,Mr. Saturday Night,UDP
629,Ev,Turmell,My Lucky Stars (Fuk sing go jiu),Handmade Jewelry
630,Mabel,Foxhall,Four Nights with Anna (Cztery noce z Anna),MQL4
631,Elena,Gunny,"Autobiography of Miss Jane Pittman, The",KXEN
632,Muire,Seggie,Blast of Silence,Zend Framework
633,Miranda,Dorwood,Lilies,DTI
634,Demetris,Winckle,Colorado Territory,Supervisory Skills
635,Wallie,Morratt,Hot Fuzz,LPIC
636,Adore,Timoney,Brown's Requiem,cXML
637,Kim,Charlick,"Salvation, The",RIP
638,Bartholomeo,Blowen,Cabaret Balkan (Bure Baruta),Aesthetic Surgery
639,Charmane,Leijs,"Case of You, A",CQT
640,See,Easson,This Thing With Sarah,Oxygen
641,Filberte,Kwietak,Where Eagles Dare,Mental Health
642,Paddy,Greenrodd,PK,RFC
643,Doralyn,Tungay,Jolson Sings Again,CMMI
644,Antony,Rolph,We're Not Dressing,VCO
645,Colan,Rippingall,Pillow Talk,Mortgage Underwriting
646,Caritta,Blas,Kevin Smith: Sold Out - A Threevening with Kevin Smith,Not for Profit
647,Floria,Geydon,"Execution of P, The (Kinatay)",Options
648,Patrice,Shipley,Up the Sandbox,Aspen HYSYS
649,Laure,Murcott,Wasteland,NSIS
650,Whitman,Allone,Don 2,Krav Maga
651,Berget,Knibb,For All Mankind,OOS
652,Goldie,Bessom,"Straits of Love and Hate, The (Aien kyo)",Db4o
653,Jacquelynn,Helks,Winterhawk,Contract Management
654,Karim,Edmead,"Boy Who Could Fly, The",SFI
655,Wildon,Stovine,Fool's Gold,CXO level engagement
656,Claybourne,Abade,Hollywoodland,BGP
657,Jordan,Alpe,He Knows You're Alone (a.k.a. Blood Wedding),Water Features
658,Gerardo,Wilprecht,Mallrats,DLP
659,Zsa zsa,Worboy,Transformers: The Movie,Early-stage Startups
660,Hyacintha,Rodder,Halloweentown,E-commerce
661,Bria,Brighty,Northwest,Microbiology
662,Florella,Weinberg,"Wayward Cloud, The (Tian bian yi duo yun)",CICS
663,Tonye,Morrissey,Reel Rock 7 ,VCAT
664,Francklyn,Townshend,Son of Paleface,MRAM
665,Bibby,Wield,"Mystery of Picasso, The (Le mystère Picasso)",Vacation
666,Alford,Myhan,Brothers at War,Eclipse
667,Pietro,Cowterd,"Book Thief, The",IDoc
668,Frans,Blampey,"Corridor, The",Drama
669,Garvey,Peres,Under the Skin,MPIO
670,Stormie,Buxcey,Ordinary Sinner,KPO
671,Daveta,Binley,Apollo 13: To the Edge and Back,Water Management
672,Dorotea,Phillpot,God Grew Tired of Us,TDA
673,Burk,Phillcock,Mutant Chronicles,PFT
674,Ward,Novakovic,How the West Was Won,WC
675,Valina,Edginton,Paradise,SRAM
676,Alli,Vivers,Star Wars: Threads of Destiny,Athlete Development
677,Karilynn,Harses,Nina's Heavenly Delights,Zachman
678,Marlyn,Keele,Salaam Namaste,LSL
679,Golda,MacCarter,Ginger and Fred (Ginger e Fred),HSUPA
680,Janos,Flanagan,Scourge,EELS
681,Ewell,Barrington,49 Up,XPlanner
682,Sheba,Berriman,Cosi,XCAP
683,Aliza,Sture,Smiles of a Summer Night (Sommarnattens leende),Architectural Illustration
684,Kevina,Geill,Odd Thomas,Doors
685,Trista,Benge,Detachment,Kundalini
686,Fionnula,Thoumas,My Childhood,PWE3
687,Gwennie,Howard - Gater,West of the Divide,Sales Effectiveness
688,Harbert,Kingsland,All Fall Down,RCSA
689,Jessamyn,Ricardet,"Wild Blue Yonder, The",Fortran
690,Casey,Grzegorecki,Village of the Damned,Real Estate
691,Anders,Gwillyam,Executive Suite,Urban Search &amp; Rescue
692,Alphard,Duprey,Hukkle,University Teaching
693,Ewell,Matyushkin,Piñero,Localization
694,Loise,Taye,Thirteen Days,VSTO
695,Martica,Kyberd,Ghost,Contemporary Art
696,Yolanda,Westmoreland,Drunks,GTP
697,Guillemette,Morehall,Lake City,Short Sales
698,Adella,Cecely,Dream Man,MDT
699,Valentin,Ohms,Hachiko: A Dog's Story (a.k.a. Hachi: A Dog's Tale),Asset Allocation
700,Whit,Kennicott,"Firemen's Ball, The (Horí, má panenko)",RTF
701,Kermy,Criag,"Hole, The",Shell Scripting
702,Isa,Doucette,Monument Ave.,Upstream
703,Vitia,Jansen,Mandela: Long Walk to Freedom,UIX
704,Claudianus,Ongin,"Unreal Dream: The Michael Morton Story, An",Hazardous Waste Management
705,Donovan,Masse,White Nights,Counseling Psychology
706,Constanta,Orkney,"Special Day, A (Giornata particolare, Una)",WS-Federation
707,Prent,Liddicoat,Ski Patrol,TNS
708,Janaya,Lilie,Zaat,VC#
709,Sancho,Dibdall,LennoNYC,Sales
710,Erinn,Raund,Body Snatchers,UCS
711,Massimo,Barkus,"Simple Plan, A",Ecology
712,Evonne,Thomsen,Signs & Wonders,OTM
713,Hendrick,Quigg,Abols Upe,XAML
714,Alaster,Milsted,This Gun for Hire,mTAB
715,Lora,Aburrow,"Good Morning, Babylon",EZ Labor
716,Hilliary,Worcester,"Star Is Born, A",Irrigation
717,Tommy,Eate,Dry Season (Daratt),Strategic Communications
718,Korrie,Martonfi,'Round Midnight,Internal Controls
719,Jourdain,Linturn,"Towering Inferno, The",Gym
720,Susannah,Lippiello,Monsters vs. Aliens,EF
721,Emmi,Duddan,"Scapegoat, The",fMRI
722,Antone,O'Hagan,Interior. Leather Bar.,Pro II
723,Bordie,Leif,Hair,Video over IP
724,Debbie,Baybutt,Auto Focus,Social Networking
725,Andonis,Patesel,Last Night,MGCP
726,Leisha,Garbutt,Arbitrage,Cisco UCS
727,Trix,Jeffree,"Plague Dogs, The",PFEMA
728,Gabby,Friman,God's Little Acre,Weapons of Mass Destruction
729,Cart,Dorrell,Lipton Cockton in the Shadows of Sodoma,Clinical Development
730,Nedi,Treen,"Red Beret, The",PDCA
731,Leonhard,Timmins,42nd Street,Omeka
732,Shelly,Galloway,James Gandolfini: Tribute to a Friend,HMIs
733,Emory,Tomlin,Home on the Range,AV
734,Kim,Ducarne,Officer Down,MVNE
735,Hetty,Symers,"Pursuit of Unhappiness, The (Anleitung zum Unglücklichsein)",Amadeus
736,Whittaker,Gilfillan,Black Butterflies,Old English
737,Britt,Kermon,Crime and Punishment in Suburbia,WordPerfect
738,Mariya,Padilla,Citizen Toxie: The Toxic Avenger IV,Economic Policy
739,Valentia,Longmore,"Paperboy, The",WFL
740,Charin,Burgisi,Introducing Dorothy Dandridge,Overcoming Challenges
741,Myer,Taylder,Outland,Supporting Others
742,Kathrine,Goalley,Heavy,Supply Chain Optimization
743,Evvy,Crommett,Come and Get It,Snort
744,Yankee,Verdey,"Nutty Professor, The",Fortran
745,Abran,Iuorio,King of Hearts,RTK
746,Rickey,Caldaro,"Wild, The",Zendesk
747,Gertrudis,Kirstein,Driving Miss Daisy,Ubercart
748,Catlee,Plevin,I Love You Phillip Morris,BMP
749,Wang,Raffeorty,"Wrong Guys, The",RPOs
750,Eddie,McCrum,"Blind Menace, The (Shiranui kengyô)",Direct Mail
751,Emylee,Bril,Winnebago Man,LTSpice
752,Vonny,Avann,On the Waterfront,PCB Design
753,Bryant,Mattack,"House Bunny, The",Contractual Agreements
754,Mikaela,Dowty,"Soldier's Story, A",HSE auditing
755,Jocelyne,Ruggieri,Weirdsville,Threat &amp; Vulnerability Management
756,Zia,Ferebee,"Civil Action, A",New Product Ideas
757,Kane,Egan,"Electric Boogaloo: The Wild, Untold Story of Cannon Films",HFM
758,Georgie,Hardingham,Johnny Stecchino,OTDR
759,Farrand,Fielding,"Cure, The",Amazon VPC
760,Elwyn,Lorenc,West of Zanzibar,BPWin
761,Justin,Suston,"Letter, The",TPF
762,Preston,Screen,"Blue Angel, The (Blaue Engel, Der)",Leave of Absence
763,Maurice,Perrycost,State of Grace,Cd
764,Ruthie,Gass,The Corsican Brothers,HR Transformation
765,Mikkel,Gowans,Caught Up,Sports Management
766,Sean,Slarke,Child of Rage,Knowledge Base
767,Sherwynd,Kingerby,Black Venus,Smoking Cessation
768,Chet,Ninnotti,"City of Violence, The (Jjakpae)",Dynamics
769,Tyrus,Aylmore,Barbarians at the Gate,Network Architecture
770,Valli,Degan,Let It Snow,RFP Generation
771,Ivor,Langmead,Rent,MLA
772,Ettore,Urrey,Dead Man's Bluff,Shotokan Karate
773,Shepperd,Skoyles,Latter Days,Turf
774,Ingeborg,Lattimer,Born Free,Ruby on Rails
775,Jonathan,Godman,"Diary of Anne Frank, The",Snow
776,Sawyer,Dottrell,Showtime,Kaizen Blitz
777,Lionel,Astlett,Boys,Silverlight
778,Norris,Bridson,"Devil, The (Diabel)",Claims Handling
779,Melony,Reyner,True Grit,GNSS
780,Mead,Ulyatt,How to Murder Your Wife,SAP BI
781,Garrard,Davie,"Collection, The",MCSA + Messaging
782,Linet,Ancliffe,"Whole Wide World, The",HGV
783,Billy,Bidder,Twin Sitters,CQG
784,Lyda,Haestier,Welfare,GBS
785,Onofredo,McCaughren,8:28 am (8 Uhr 28),EZ Labor
786,Elmira,Colegrove,Lost Souls,Nonprofits
787,Berkeley,Okie,Getting to Know You,iVantage
788,Franzen,Chatel,Enemies Closer,SFX Editing
789,Novelia,Kynnd,"Friend Is a Treasure, A (Chi Trova Un Amico, Trova un Tesoro) (Who Finds a Friend Finds a Treasure)",Staff Development
790,Lizzy,Siemon,Manhattan,Gift Cards
791,Conni,Yurivtsev,Concrete Night (Betoniyö),HBA
792,Merle,Trayhorn,Mr. Troop Mom,Ppk
793,Saraann,Lyddon,"Night the Lights Went Out in Georgia, The",HMO
794,Emmery,Bigadike,"History Boys, The",MCITP
795,Erin,Dollman,Roberta,Cellular Communications
796,Margy,Perrot,"Kremlin Letter, The",LWUIT
797,Brnaby,Penhall,Tokyo Decadence (Topâzu),TNS
798,Rad,Duke,"Saban, Son of Saban",HTFS
799,Lesley,Abry,Hector and the Search for Happiness,SRT
800,Mariska,Fitzsymons,Rough Night in Jericho,IGRP
801,Pavia,Menis,Oppai Volleyball (Oppai barê),RFID Applications
802,Kacie,Frany,Koi... Mil Gaya,Gemba Kaizen
803,Sandra,Landsborough,My Chauffeur,Interior Design
804,Rodi,Heymes,Abelar: Tales of an Ancient Empire (Tales of an Ancient Empire),Google Adwords
805,Rochell,covino,Savannah Smiles,UK Law
806,Ansell,Sime,"Man Who Fell to Earth, The",ePolicy Orchestrator
807,Milton,Welbrock,Around the World in 80 Days,Etching
808,Ondrea,Cocks,"Doom Generation, The",JCR
809,Francklyn,Shillabeare,How to Kill Your Neighbor's Dog,DITA XML
810,Jo-ann,Imason,Primary Colors,NS2
811,Mara,Buckleigh,Interiors,PDMLink
812,Cathie,McMarquis,"Unlikely Weapon, An",Rational XDE
813,Hamel,Alennikov,Leprechaun 4: In Space,DLP
814,Blayne,Vallintine,Sasori,FHA
815,Stephan,Waple,Charlie Chan in Egypt,UK Bribery Act
816,Uri,Siemon,Pageant,Emergency Medicine
817,Herman,Ambrosoni,First Shot,Manual Therapy
818,Lukas,Orring,"Nazi Officer's Wife, The",CDMA
819,Vittorio,Posselt,"Alice, Sweet Alice (a.k.a. Communion) (a.k.a. Holy Terror)",Adobe Creative Suite
820,Charity,de Savery,3 Days to Kill,SX.enterprise
821,Paulita,Tennison,Caddyshack II,OSHA
822,Hernando,Rubbert,"Doom Generation, The",International Political Economy
823,Hube,Monelli,Elsa & Fred,Project Implementation
824,Lyndsay,Berndtsson,Magic Hunter (Büvös vadász),Lawson HRIS
825,Tamarra,Oxx,Cold Mountain,SFR Certified
826,Issiah,Francie,Poetical Refugee,Quality Auditing
827,Winny,Gosenell,Quick Change,JSR 168
828,Manuel,Aronstein,"Fort Apache, the Bronx",EEG
829,Shana,Dunstone,"Aerial, The (La antena)",Aerodynamics
830,Natassia,Ollier,Pippi in the South Seas (Pippi Långstrump på de sju haven),Qigong
831,Jenni,Weond,Mammoth (Mammut),Start-up Consulting
832,Cherey,Marlow,Smokin' Aces 2: Assassins' Ball,Software Engineering
833,Katrinka,Altamirano,Tout ce qui brille,LLQP
834,Daryn,Dondon,"Red Balloon, The (Ballon rouge, Le)",Joint Ventures
835,Blanche,Romanini,Rhapsody in Blue,Investment Properties
836,Viva,Midgley,Street Fighter: The Legend of Chun-Li,IAX
837,Britta,Stiff,Nosferatu the Vampyre (Nosferatu: Phantom der Nacht),WLST
838,Susanna,Hulks,"Chance of a Lifetime, The",OC RDC
839,Ody,MacSporran,"Rink, The",IBM AIX
840,Kiersten,Colliber,Pusher,SDLC
841,Nehemiah,Giddons,Quill,z/VM
842,Keen,Setch,Land of the Blind,Gastroenterology
843,Lancelot,Edridge,"Holy Innocents, The (Santos inocentes, Los)",Phase II ESA
844,Karon,Litel,Leather Jacket Love Story,Fluorescence Microscopy
845,Dun,Klassman,Bullhead (Rundskop),GIMP
846,Dwight,Blodg,Pretty Sweet,ZenCart
847,Reyna,Clifford,"Talent Given Us, The",IACUC
848,Sherline,Allday,Benji the Hunted,Small Business Marketing
849,Vincent,Curme,Don't Be Afraid of the Dark,Kundalini
850,Emmott,Fontenot,The Walking Stick,MPLS Networking
851,Garret,Ivshin,Antiviral,CDS
852,Ginnie,Royall,World on a Wire (Welt am Draht),T-SQL Stored Procedures
853,Frederique,Cristofanini,"Hammer, The",GC-FID
854,Roarke,Fernihough,"Horse Rebellion, The (Pulakapina)",CMA
855,Ignazio,O'Ruane,L.A. Zombie,Cinematography
856,Briana,Novak,Repentance (Monanieba),TBB
857,Gabe,Manifold,Judas Kiss,Steam Turbines
858,Lewie,Rapaport,When a Stranger Calls,Americans with Disabilities Act
859,Querida,Valadez,August Rush,Avid DS Nitris
860,Wilone,Rapin,Gangs of Wasseypur,Environmental Management Systems
861,Galvan,Woodroffe,"Stranger, The",HttpUnit
862,Salomone,Plant,Passionada,IFW
863,Karel,Jentzsch,2 + 2 (Dos más dos),BDMS
864,Niki,Bunyan,Days and Nights,Substance Abuse Prevention
865,Channa,Turmell,Rosetta,Airline Ticketing
866,Aurea,Issacoff,L.I.E.,In-situ Chemical Oxidation
867,Whitby,Cornfield,Heading South (Vers le sud),VLDB
868,Jacob,Lifton,"Window, The",Knowledge Discovery
869,Austen,Sheed,"Barber of Siberia, The (Sibirskij tsiryulnik)",MC2
870,Melita,Stean,Love Stinks,Special Effects
871,Darcy,Hurne,"Evening Star, The",Driven By Results
872,Carlos,Tourle,I Melt with You,LyX
873,Clementine,Gerardot,August,RTO
874,Nathalie,Simoncello,Somm,Get Along Well with Others
875,Leicester,Gilbey,Without a Paddle,Student Affairs
876,Niles,Shardlow,The Rise,GPP
877,Leeland,Mazonowicz,"Lonely Guy, The",JTAG
878,Dianna,Bourne,American Pie Presents The Naked Mile (American Pie 5: The Naked Mile),Ion Channels
879,Madalyn,Gilks,Soul Assassin,WLAN
880,Kevyn,Borg-Bartolo,"Oh, Woe Is Me (Hélas pour moi)",Soft Skills
881,Clayborn,Goley,Trouble in Mind,Mystery Shopping
882,Gaynor,Kenelin,The Magnificent Gladiator,Embedded Systems
883,Gussy,Emsden,Blue Velvet,FPGA
884,Alley,Christol,Trapped in the Closet: Chapters 1-12,Test Planning
885,Steward,Padley,Marley,FMVSS
886,Neddy,Besant,Quicksilver,Sourcing
887,Hervey,Killelay,"Abyss, The",Video Production
888,Howey,Pirie,Confessions from a Holiday Camp,Corporate Events
889,Wadsworth,Gladdolph,Amber Lake ,PDH
890,Saidee,Gadsden,Captive Heart: The James Mink Story,Client Relations
891,Shayne,Britney,Pistol Opera (Pisutoru opera),GCIA
892,Dolorita,Blonden,Geri's Game,KMS
893,Chrisy,Burney,Light of Day,Corporate FP&amp;A
894,Joseph,Beeton,Texas Rangers,FHLMC
895,Dolph,Waud,Hammer of the Gods,HCM Processes &amp; Forms
896,Domini,Beek,True Love,Modeling
897,Jordan,Harrhy,The Third Reich: The Rise & Fall,gPROMS
898,Cozmo,Watkiss,Love Exposure (Ai No Mukidashi),Sustainable Tourism
899,Karlen,Cosford,"Delphine 1, Yvan 0",Epi Info
900,Lamont,Dincey,Young Einstein,Powder X-ray Diffraction
901,Betti,Peerless,Mitt,Mentoring
902,Rosco,Coonan,In My Skin (Dans ma Peau),Cuisine
903,Jerrold,Powder,8MM 2,Environmental Issues
904,Marjie,Hughman,Carnosaur,Recombinant DNA
905,Retha,Christall,"Incruste, L' (a.k.a. L'Incruste, fallait pas le laisser entrer!)",Therapists
906,Rutherford,Fer,As Tears Go By (Wong gok ka moon),BPT
907,Joshuah,Fulle,Four Stories of St. Julian ,Ghosts
908,Val,Bradbrook,"Gunfight at Dodge City, The",Ventilation
909,Cal,Juster,"Spring, Summer, Fall, Winter... and Spring (Bom yeoreum gaeul gyeoul geurigo bom)",Jiu-Jitsu
910,Jeanie,Kingscote,You Only Live Twice,FFIEC
911,Fitzgerald,Crebott,They All Laughed,LTD
912,Morgan,Fursland,Fantasma,GNU/Linux
913,Agatha,Hamlen,American Dream,Oracle VM
914,Livvy,Nias,Leave The World Behind,CPL
915,Ainslie,Gilliard,"Godzilla, Mothra, and King Ghidorah: Giant Monsters All-Out Attack (Gojira, Mosura, Kingu Gidorâ: Daikaijû sôkôgeki) (Godzilla, Mothra and King Ghidorah: Giant Monsters All-Out Attack)",Crisis Intervention
916,Caprice,Yearne,A Run for Your Money,Broadcast
917,Jocelin,Bundey,"Center of the World, The",Gaming Industry
918,Itch,Donati,Ice Age,LDAR
919,Marcie,Koopman,Amazing Journey: The Story of The Who,EOI
920,Darryl,Dallinder,Arena,Financial Services
921,Pansie,Cockerham,Dead Man's Walk,EBA
922,Christiana,Fairfoull,"Way of War, The",Simple IRA
923,Rayshell,Malinson,Scorching Winds (Garm Hava) (Garam Hawa),EBPP
924,Yardley,Gremain,My Week with Marilyn,Kidney Transplant
925,Emmalynn,Galbreath,Neverwas,WWII
926,Gifford,Chidgey,King of Thorn (King of Thorns) (Ibara no O),Psychological Testing
927,Angelia,Skinn,"Thousand Words, A",Krav Maga
928,Albertina,Lots,Raincoat,DGPS
929,Dukie,Hammerton,Immortal Sergeant,LSF
930,George,Cadwell,Paternity,Topographic Surveys
931,Renaud,Furse,Petulia,Orchestral Music
932,Debora,Gosden,Husk,Data Guard
933,Clary,Ballard,"High Tech, Low Life",SNA
934,Andre,Baitman,Teddy Bear (10 timer til Paradis),MVVM
935,Wait,Feldmesser,"Assassination of Richard Nixon, The",CPR Certified
936,Dallis,Fibbens,She Gods of Shark Reef,Ownership
937,Gerald,Gerault,Il Mare (Siworae),Software Engineering
938,Sella,Barton,When Jews Were Funny,QC Tools
939,Michaella,Bignal,"Fighting Sullivans, The (Sullivans, The)",Trials
940,Karie,Burston,"Proud and the Beautiful, The (Orgueilleux, Les) (Proud Ones, The)",HDRI
941,Blondie,Fidock,"Slaughter Rule, The",LLDPE
942,Johannes,Andryushin,Watership Down,HP Procurve
943,Mannie,Gersam,"Great Gatsby, The",Surveying
944,Tessie,Morton,Fellini: I'm a Born Liar (Fellini: Je Suis um Grand Menteur),MS Integration Services
945,Kamillah,Lundberg,"Lord of the Rings: The Return of the King, The",HMRC enquiries
946,Joseito,Lowen,Journey to the Center of the Earth,Jib
947,Carroll,Bocken,G.I. Joe: The Movie,Smartstream TLM
948,Marve,Genicke,Cold Prey (Fritt Vilt),OTA
949,Paolo,Batalini,I Know Where I'm Going!,Customer Support
950,Oren,Witchalls,I'm Starting From Three (Ricomincio da Tre),IAR
951,Lorenzo,Sigert,Constantine,YMS
952,Dian,Proffitt,Lonelyhearts,RMIS
953,Shadow,Raubheim,"Public Eye, The",NPO
954,Kevan,Vasovic,"Henry: Portrait of a Serial Killer, Part 2",JavaSE
955,Robbi,Kebell,Broken Lullaby (a.k.a. The Man I Killed),Keynote
956,Lauretta,Kemetz,"Verlorene, Der (Lost One, The)",EH&amp;S Compliance
957,Star,Drewet,Zombies on Broadway,GTS
958,Frans,Fitchew,Ninja III: The Domination,iGrafx
959,Mavra,Rabbet,Origin: Spirits of the Past (Gin-iro no kami no Agito),iPhone Application Development
960,Scott,Aleksandrev,Pacific Rim,RSLogix
961,Valentina,Campion,"Woman In Berlin, A (Anonyma - Eine Frau in Berlin)",Petroleum Engineering
962,Cosetta,Bence,First Shot,NTP
963,Lionel,Coggles,Tyler Perry's A Madea Christmas,McKesson PACS
964,Leshia,Breffit,"Lion King II: Simba's Pride, The",Knowledge Base
965,Quinlan,Feige,Never Give a Sucker an Even Break,Global Delivery
966,Seana,MacAskill,Novocaine,Fine Dining
967,Carmella,Aistrop,Still Walking (Aruitemo aruitemo),MyEclipse
968,Madlen,Surmeir,Suite Française,Academic Writing
969,Alicia,Van Leijs,"Seducing Doctor Lewis (Grande séduction, La)",DVB-RCS
970,Byran,Bresnen,"Cercle Rouge, Le (Red Circle, The)",Eyelid Surgery
971,Curran,Thewless,Sword of Gideon,Xero
972,Kean,Winsbury,"Last Supper, The",NCSim
973,Rance,Madoc-Jones,"Five Obstructions, The (Fem benspænd, De)",Enterprise Risk Management
974,Sandie,Bendel,Once Around,Banners
975,Chuck,Oade,"Era of Vampires, The",Credit Cards
976,Jone,Lestrange,Hollywood Sex Wars,OMAP
977,Edith,Presslie,Stay as You Are,SBRT
978,Trix,Laurenty,Illuminata,Emotional Intelligence
979,Muffin,Callaby,Reservation Road,Call center start-up
980,Sonni,Toy,Transcendence,IEX Total View
981,Wilhelmine,Bonfield,Vampire in Brooklyn,OTRS
982,Debera,Zanneli,Offspring ,Snoring
983,Liv,Sturror,Stan Helsing,DMU
984,Giordano,Pemble,Spanglish,GPON
985,Robb,Chopin,Stromboli,Nutrition
986,Udell,Bridgement,"Very Social Secretary, A",Digital Printing
987,Marcie,Gregg,"Passionate Friends, The (a.k.a. One Woman's Story)",GT Strudl
988,Siffre,McCreery,Million Dollar Mermaid,XMPP
989,Arlin,Maso,Mission: Impossible - Ghost Protocol,Procurement Outsourcing
990,Thoma,Biaggelli,"Black Power Mixtape 1967-1975, The",Occupational Therapy
991,Muire,Mozzi,Karate-Robo Zaborgar (Denjin Zabôgâ),FDCPA
992,Wit,Wattinham,"Good Morning, Night (Buongiorno, notte)",QuickBooks
993,Cassaundra,Gullifant,We Were Soldiers,DFMA
994,Keene,Cavill,"Cry of the Owl, The",DLS
995,Keslie,Woodland,"Howling, The",SRED
996,Dell,Biesterfeld,Van Diemen's Land,Photojournalism
997,Leslie,Southerden,"Boy Who Could Fly, The",Special Events Coordination
998,Celestina,Chelsom,Cockpit,VLDB
999,Derby,See,"Promise, The (Versprechen, Das)",IFE
1000,Cristi,Maytom,Virtuality,Tactics
