1,Solan og Ludvig: Jul i Flåklypa and Susannah,Pickin Golda
2,Attack of the Killer Tomatoes! and Eartha,Giorgiutti Cleon
3,Four Men and a Prayer and Lauretta,Galfour Judd
4,"Loser Takes All, The (O hamenos ta pairnei ola) and Val",Taye Carr
5,"Poker Club, The and Daryl",Linnock Leonhard
6,Twelfth Night and Marianna,Walcot Juliann
7,"Greatest, The and Dierdre",Spurnier Kirstin
8,Cain and Mabel and Cassaundra,McBeth Celestina
9,"Innkeepers, The and Padraig",Howford Mara
10,Six Days and Sella,Cornell Elena
11,Badman's Country and Abdul,Barton Davie
12,"See You in Hell, My Darling (Tha se do stin Kolasi, agapi mou) and Giorgio",Bigglestone Lukas
13,I Met Him in Paris and Berget,Phillcock Niles
14,13 Tzameti and Winfred,Stokey Zollie
15,Seeking Asian Female and Chrystel,Dumingo Sid
16,"Watch, The and Kathrine",Welbrock Lemmie
17,Full Moon High and Stepha,Nias Perrine
18,Losers' Club (Kaybedenler kulübü) and Kiersten,Dumbellow Van
19,"300 Spartans, The and Rudolfo",Venus Dillon
20,Hurlyburly and Ev,Constance Munroe
21,"Silent Scream, The and Adella",Cavill Michal
22,Dark Night of the Scarecrow and Lindsey,Neilly Scott
23,"American Dream, An and Leonhard",Duigenan Boyce
24,"Killing of America, The and Mabel",Gillimgham Jean
25,One Spy Too Many and Felipe,Imason Angel
26,"Pink Panther 2, The and Kim",Montague Ibbie
27,3 Women (Three Women) and Dolph,Gatman Jone
28,"Storm Warriors, The (Fung wan II) and Patrice",Cuningham Hobard
29,"Adventures of Mark Twain, The and Stormie",Kevern Lancelot
30,"Dream of Light (a.k.a. Quince Tree Sun, The) (Sol del membrillo, El) and Mabel",Aspel Lacie
31,"Incredible Journey, The and Beck",Leonardi Claybourne
32,Light Is Calling and Ray,Ivimey Abran
33,Berlin Is in Germany and Dallis,Geill Bordie
34,A Night in the Show and Dicky,Chastang Byran
35,Curse of the Ring (Ring of the Nibelungs) and Pris,Eary Floria
36,Birthday Girl and Clemmie,Rodliff Olivia
37,Red 2 and Frederique,Bugdale Heidi
38,Tales of the Grim Sleeper and Sheba,Besant Connor
39,Port of Shadows (Quai des brumes) and Isabelle,Jansen Roana
40,Children of a Lesser God and Miranda,Vanner Sean
41,The Girls and Johannes,Bresnen Retha
42,Company of Heroes and Lora,Kingerby Nathalie
43,Chronicle of an Escape (Crónica de una fuga) and Sid,Shepard Jeremie
44,"Saratov Approach, The and Bria",Aspel Ellette
45,Death by Hanging (Koshikei) and Milo,Clethro Giffard
46,The Bone Snatcher and Lenka,Sigert Ignazio
47,Light the Fuse... Sartana Is Coming and Cosetta,MacSporran Rosanne
48,SherryBaby and Stormy,Mateiko Jean
49,Flaming Creatures and Daphne,Beardsdale Giordano
50,Free The Mind and Carlos,Wightman Menard
51,Lupin III: Sweet Lost Night (Rupan Sansei: Sweet Lost Night) and Torrance,Meaney Muire
52,Gotcha! and Dame,Galloway Betti
53,"Take Her, She's Mine and Goldie",Fulle Elwyn
54,Garden State and Stirling,Churms Fonz
55,"Miracle of Bern, The (Wunder von Bern, Das) and Robb",Dielhenn Joleen
56,Mississippi Grind and Elva,Gimenez Domini
57,"Big Street, The and Blakeley",Vedeneev Monty
58,"Tempest, The and Patrice",Burgisi Mara
59,When a Man Loves a Woman and Lukas,Cuncliffe Dyana
60,"Best Exotic Marigold Hotel, The and Kacie",Dowty Cathie
61,Emitai and Eartha,Bridgement Itch
62,Murder on the Orient Express and Angel,Ouldcott Lamont
63,Double Wedding and Daryl,Keeting Maible
64,Shadowboxer and Carr,Breffit Jessamyn
65,Patriotism (Yûkoku) and Edith,Auchterlony Elwyn
66,"Experiment, The and Tiffanie",Kebell Jacquie
67,Sex and the Single Girl and Tessie,Cordelle Rosanne
68,"Rare Breed, The and Wilone",Bridgement Jonathan
69,Hum Aapke Hain Koun...! and Melony,Maccraw Gerald
70,Joan Rivers: A Piece of Work and Olav,Tomlins Christie
71,"Prisoner of Zenda, The and Merilyn",Pantin Saw
72,Love in Another Language (Baska Dilde Ask) and Leisha,Raund Roarke
73,Four Eyed Monsters and Franzen,Buist William
74,Buddy Boy and Magdalen,Chaunce Reyna
75,Tis kakomoiras and Shirl,Gerardot Debora
76,"Queen Margot (Reine Margot, La) and Justus",MacGuffog Lemmie
77,Smokey and the Bandit II and Loria,Mateiko Mavra
78,"Uninvited, The and Justin",Thewless Francklyn
79,"White Sun of the Desert, The (Beloe solntse pustyni) and Hobard",Bending Torrance
80,Nomads and Domini,Stovine Carmella
81,Being There and Wade,Muxworthy Liane
82,Cloak & Dagger and Dana,Danes Howey
83,From the East (D'Est) and Lyon,Pennetta Pembroke
84,Just love me (Tylko mnie kochaj) and Agatha,Everington Thorin
85,"Horror Hotel (a.k.a. City of the Dead, The) and Nehemiah",Riping Adriane
86,Fairhaven and Patrice,Strangeways Carolynn
87,"View from the Top, A and Morgan",Bessell Prudy
88,More Than a Game and Mavra,Gilliam Farr
89,"Tall T, The and Nathalie",Roocroft Tobit
90,Cruel Intentions 2 (Cruel Intentions 2: Manchester Prep) and Mannie,Ricardet Evvy
91,To Be and to Have (Être et avoir) and Dillon,O' Dornan Elaine
92,GhostWatcher and Gardiner,Furse Zorine
93,"Doll's House, A and Sherwynd",Benge Beret
94,"Oh, Heavenly Dog! and Bertie",Biddles Hube
95,"Noah's Arc Principle, The (Arche Noah Prinzip, Das) and Dawn",Patesel Anders
96,"Tall Guy, The and Niki",Pauling Liv
97,Clifford's Really Big Movie and Durand,Baybutt Durand
98,That's My Boy and Gabie,Rapin Roley
99,The Monastery of Sendomir and Olly,Ferebee Corene
100,Mág and Marianna,Burnapp Breena
101,House of Wax and Preston,Girardini Elberta
102,Home and Gertrudis,Billam Marilyn
103,7th Cavalry (Seventh Cavalry) and Jessamyn,Mettricke Lewes
104,Only the Young and Edithe,Allone Jean
105,"Sugar Curtain, The (El telón de azúcar) and Heywood",Firbanks Justus
106,Toi et Moi and Darryl,Foxhall Mannie
107,Madhouse and Jacquelynn,Kevern Blithe
108,Stop-Loss and Florina,Worboy Johann
109,Casey Jones and Edithe,Masse La verne
110,Poison and Edith,Ebdin Darryl
111,Captain from Castile and Drusi,Wrench Roana
112,Anatomy of a Love Seen and Alair,D'Ambrogi Neall
113,My Name is Khan and Donnie,Edginton Dunstan
114,White of the Eye and Hurlee,Cirlos Reta
115,Wanda Sykes: Sick and Tired and Bryant,Barton Harbert
116,Paradise and Saw,Worcester Kathrine
117,"Circus, The and Alaster",Redley Caren
118,"Reader, The and Dill",Joan Alli
119,Vehicle 19 and Lorine,Demaid Rickey
120,Confetti and Saw,Balling Valli
121,Vlad Tepes (Vlad &#354;epe&#351;) and Novelia,Gilbey Madelina
122,"2 Fast 2 Furious (Fast and the Furious 2, The) and Muire",Shepard Aliza
123,247°F  and Broddie,Djorvic Rickard
124,All About the Feathers (Por Las Plumas) and Karie,Bessom Lewie
125,Fools Rush In and Bordie,Ridgeway Berkeley
126,Capricious Summer (Rozmarné léto) and Drusi,Lethabridge Kamillah
127,No Impact Man: The Documentary and Mendy,Cornehl Kean
128,Flicka and Rubia,Stiff Perrine
129,Tomorrow at Dawn (Demain dès l'aube) and Derwin,Tarquinio Reta
130,Dealer and Mariquilla,Barrington Sofie
131,Gui Si (Silk) and Lorine,O'Curran Channa
132,Wag the Dog and Darryl,Gladdolph Leicester
133,Kicked in the Head and Darryl,Dottrell Carr
134,Things Behind the Sun and Emmott,Matzkaitis Emylee
135,Harold & Kumar Escape from Guantanamo Bay and Amandi,Girardini Zarla
136,Thief and Mariquilla,Doers Paulita
137,Frank and Ollie and Charity,Aysik Keslie
138,"Pyramid, The and Jobyna",Tomczykowski Janos
139,"Soul of a Man, The and Val",Foster Corene
140,Buchanan Rides Alone and Jessamyn,Issacoff Wait
141,"Island of Dr. Moreau, The and Issiah",Turmell Kean
142,Union Square and Golda,Fulle Fionna
143,"Big Mommas: Like Father, Like Son and Beck",Beahan Johannah
144,Silent Hill: Revelation 3D and Colin,Bruinemann Daphne
145,The Package and Jenni,Lyttle Alaster
146,Retribution (Sakebi) and Tamra,Kingerby Obadiah
147,"Wood, The and Mara",Baudry Fionna
148,Miss Granny and Milton,Scrafton Harbert
149,Roadside Prophets and Ivory,Hucke Arel
150,18 Years Old and Rising (J'aime regarder les filles) and Beret,Dealey Donovan
151,Tyler Perry's The Family That Preys and Robb,Ringer Martica
152,Purely Belter and Gale,Siebert Clementine
153,"Pervert's Guide to Ideology, The and Salli",Matzeitis Francoise
154,Fire Over England and Kevina,Matheson Elwyn
155,Jellyfish (Meduzot) and Griffin,Baudoux Steffen
156,Het Vonnis and Marcela,Dewick Cory
157,Marquis and Granthem,Wilprecht Flo
158,Star Trek III: The Search for Spock and Colan,Lockwood Maxie
159,Kicking & Screaming and Cart,Gwillyam Winfield
160,Blume in Love and Carr,Thoumas Burnaby
161,This Is the Army and Hamel,Eyrl Karon
162,Sarafina! and Riordan,Abade Sherline
163,American Pastime and Jamie,Morrissey Clemmie
164,Autumn Sonata (Höstsonaten) and Elberta,Kwietak George
165,"King and the Mockingbird, The (Le roi et l'oiseau) and Channa",Guidone Sherwynd
166,"Nightmare Before Christmas, The and Alix",Whitrod Nicol
167,"Naked Edge, The and Prudy",Asgodby Westbrook
168,Larger Than Life and Doralyn,Christall Jenna
169,Good Burger and Kiah,Drewet Bessie
170,Black Widow and Rudyard,Chastang Domini
171,Stage Beauty and Abdul,Ambrosoni Liane
172,"Personal History, Adventures, Experience, & Observation of David Copperfield the Younger, The (a.k.a. David Copperfield) and Trix",Smiths Karel
173,Gimme Shelter and Amabel,Gosenell Blayne
174,Scent of a Woman (Profumo di donna) and Petr,Presslie Muire
175,Private Lessons and Mahmud,Aldgate Lamont
176,Everest and Emmery,Langhor Neils
177,Coelacanth: The Fish That Time Forgot and Andre,Eakley Tallou
178,Beijing Bicycle (Shiqi sui de dan che) and Jean,Norster William
179,FairyTale: A True Story and Fredi,Hellard Melita
180,Botched and Jami,D'Aulby Roana
181,"Teahouse of the August Moon, The and Olly",Djorvic Rhiamon
182,Digging to China and Isa,O'Dempsey Lizzy
183,"Last Rites of Joe May, The and Joe",Dewick Winfield
184,Jesus liebt mich and Beret,Boutell Clayborn
185,Two if by Sea and Chrisy,Whittlesea Neils
186,Mysterious Mr. Moto and Uri,Ilbert Theodoric
187,Fangs of the Living Dead (Malenka) and Joe,Liddicoat Alicia
188,"Memphis Belle: A Story of a Flying Fortress, The and Madelina",Ede Gardiner
189,Ivanhoe and Davin,Braddon Lenka
190,"Brotherhood, The and Scott",Alpe Ulrikaumeko
191,Poolboy: Drowning Out the Fury and Gerhardine,Stable Isa
192,"Commitments, The and See",Scarse Marve
193,Puppet Master: The Legacy (Puppet Master 8) and Virgie,Rabbet Fons
194,Insomnia and Curran,Rust Betteann
195,"City of No Limits, The (la ciudad sin límites, En) and Alma",covino Donovan
196,My Little Business (Ma petite entreprise) and Christel,Bock Vasili
197,Crime Lords of Tokyo and Hurlee,Firbanks Hobard
198,Suspiria and Emmott,Treen Adelind
199,"Cathedral, The (Katedra) and Delphine",Artinstall Jayne
200,Chasing Christmas and Jerrylee,Reeme Steffen
201,Bitter Sweet and Alessandra,McBeth Dael
202,Secret Honor and Colin,Coonan Niki
203,Flesh and Blood and Chrystel,Dollman Christy
204,Return from Witch Mountain and Perrine,Haysman Boyce
205,"Old Man and the Sea, The and Breena",Pemble Linet
206,Continental Divide and Marielle,O'Dempsey Melita
207,Last of the Dogmen and Ardeen,Gunny Mahmud
208,Coup de grâce (Der Fangschuß) and Delora,Abade Burk
209,"Royal Scandal, The and Liane",Wield Charin
210,El Dorado and Cherey,Tulk Dolf
211,"Secret of the Grain, The (La graine et le mulet) and Remus",Royall Lambert
212,"Fox, The and Daveta",Masse Galvan
213,"Innocent, The and Lancelot",Kyberd Graehme
214,Jay And Silent Bob's Super Groovy Cartoon Movie and Charmane,Fielding Adriane
215,Walking with Prehistoric Beasts and Hetty,Soughton Tallou
216,Fall of the Republic: The Presidency of Barack H. Obama and Stormy,Crebott Berkeley
217,Monsters and Aguste,Fullard Nadine
218,Street People and Leicester,Dibdall Keslie
219,Bird on a Wire and Deeanne,Lethabridge Jone
220,Dead End and Dorella,Flattman Kiersten
221,Christmas Eve and Howey,Kingscote Filberte
222,"Wasp Woman, The and Catlee",Bourne Carolin
223,"Iron Rose, The (Rose de fer, La) and Whitby",Orkney Berkeley
224,Spider and Felipe,Lynthal Carolan
225,"Prisoner of Zenda, The and Chuck",Woodroffe Mabel
226,Unconscious (Inconscientes) and Helenelizabeth,Tungay Brandie
227,A Gun for Jennifer and Theodor,Criag Chrystel
228,Star 80 and Deeanne,Furse Ivory
229,"Boy and His Dog, A and Esma",Dollman Ervin
230,Waydowntown and Alister,Menis Broderick
231,"Land Girls, The and See",Fidock Chuck
232,Mysterious Island and Lavinie,Bidder Madalyn
233,Please Give and Isidro,Christol Carey
234,"Tenant, The (Locataire, Le) and Happy",Feldmesser Stormy
235,Stargate: The Ark of Truth and Liv,Orring Forster
236,"Rape of Europa, The and Dorri",Kimbling Garold
237,Underground and Cynthy,Setch Edythe
238,Standing in the Shadows of Motown and Cal,Waddicor Thoma
239,Asphalt Playground (La cité rose) and Mirelle,Gass Dora
240,American Beauty and Fredi,Baitman Kingston
241,Late Chrysanthemums (Bangiku) and Dani,L'argent Alma
242,Offside and Valentina,Huyge Demetris
243,Martin Lawrence Live: Runteldat and Johannes,Bushen Lyda
244,Restless Natives and Lucretia,MacPike Giorgio
245,Familiar Ground and Raynard,O'Riordan Bengt
246,Where Is Fred!? (Wo ist Fred?) and Berkeley,Wagg Travis
247,Woman in the Dunes (Suna no onna) and Heidi,Ancliffe Steffane
248,"Brony Tale, A and Delora",Clethro Angel
249,Boy and Ber,Ringer Broddie
250,Glumov's Diary (Dnevnik Glumova) and Jenni,Rodda Keslie
251,"Designated Mourner, The and Domini",Segoe Andre
252,Red Ensign and Rance,Hindenberger Michaeline
253,Eye of the Tiger and Jessica,Demaid Forster
254,Day & Night and Kayla,Reyner Ronica
255,Braveheart and Harbert,Boaler Antone
256,Quality Street and Jamie,Haysman Levi
257,"4th Man, The (Fourth Man, The) (Vierde man, De) and Alasteir",Maginn Gaynor
258,"Khroustaliov, My Car! (Khrustalyov, mashinu!) and Rudyard",Dolan Stanwood
259,Vizontele Tuuba and Beret,Rizzolo Cal
260,"House on 92nd Street, The and Blithe",Fernihough Hobard
261,Futurama: Bender's Big Score and Laura,Dunstan Golda
262,Flamingo Road and Debbie,Haggus Kiersten
263,Them! and Walther,McMoyer Elwyn
264,"Glass House, The and Kayla",Gillie Cortie
265,Home Page and Abran,Heskin Madlin
266,Le Donk & Scor-zay-zee and Dianna,Serginson Lizzy
267,Little Accidents and Cristian,Patemore Bendix
268,Caramel (Sukkar banat) and Sandra,Attarge Filide
269,The Diary of Preston Plummer and Wadsworth,Heskin Wallie
270,"Lords of Discipline, The and Gerek",MacCallum Querida
271,"Ladykillers, The and Sax",Mettricke Joelynn
272,Felix the Cat: The Movie and Georgy,Howford Krisha
273,This Is Where I Leave You and Sabina,Yearne Lianna
274,"Believers, The and Emmott",Gregg Steward
275,"Mortician, The and Weylin",Beckers Wait
276,Godzilla vs. Destroyah (Gojira vs. Desutoroiâ)  and Renaud,Doers Joe
277,Trailer Park Jesus and Theodor,Braune Caprice
278,"American, The and Shayne",Breffit Jeremie
279,Kagemusha and Natassia,Cuncliffe Karia
280,Dick Tracy and Mariquilla,Howford Constanta
281,"Therese Raquin (a.k.a. Adultress, The) and Aube",Etter Parnell
282,Something Ventured and Lorine,Iuorio Maible
283,Cloudy with a Chance of Meatballs and Steward,Westmoreland Editha
284,"Legend of Drunken Master, The (Jui kuen II) and Cyndia",Keele Novelia
285,"Tribe, The (Plemya) and Darbie",Goley Martie
286,Tall in the Saddle and Killian,Jory Cesya
287,16 Years of Alcohol and Berkeley,Keele Drusi
288,Papa's Delicate Condition and Jacquie,Troillet Stepha
289,Pale Cocoon (Peiru Kokun) and Merwyn,Doucette Lizzy
290,Distant (Uzak) and Theodor,Burston Salomone
291,Willard and Britt,Babar Jenna
292,Boogie Nights and Gertrudis,Davie Robbi
293,Taras Bulba and Ivie,Tonbridge Itch
294,The Connection and Dill,Vallintine Mabel
295,San Pietro and Dee,Rubbert Gae
296,"Manta, Manta and Jamie",Bartolomucci Lianna
297,"Lucía, Lucía (Hija del caníbal, La) and Mirelle",Raubheim Lucretia
298,Midnight Movie and Ellette,Sutheran Alley
299,Berta's Motives (Los motivos de Berta: Fantasía de Pubertad) and Mead,Scarse Michaela
300,"Return of the Musketeers, The and Frederique",Bravey Nathalie
301,"Wild Bunch, The and Alister",Charlick Goldie
302,"Strada, La and Pavia",Shillabeare Gwennie
303,Bucky Larson: Born to Be a Star and Merle,Gosden Karie
304,"Revenant, The and August",Yurivtsev Cybill
305,Gunless and Gerardo,Knaggs Heywood
306,Alone in the Wilderness and Laurella,Kermon Mariska
307,Scandali nudi and Odette,Kleinstub Cal
308,Bugsy and Dora,Hindenberger Cybill
309,Planet of the Apes and Chet,Valadez Sonni
310,Splitting Heirs and Wilhelmine,Stable Liv
311,Rich in Love and Corbet,Pickin Mabel
312,Kiki and Blanche,Macellar Amandi
313,Forgotten Silver and Billy,Kerby Marianna
314,"Forbidden Kingdom, The and Aube",Lamasna Breena
315,"Thin Blue Line, The and Gussy",Usher Corene
316,Calculator and Brad,Bence Jessika
317,"Fortune, The and Itch",Kyberd Farley
318,Cooperstown and Hendrick,Farnfield Sharlene
319,Parked and Ad,Plevin Stanley
320,Monkeybone and Joyous,Orkney Brandie
321,Lost Boys: The Thirst and Manuel,Venus Toiboid
322,Red State and Maddie,Emsden Georgi
323,Star Trek: Nemesis and Andonis,Dorrell Lyon
324,"Descent: Part 2, The and Catlee",Harses Andre
325,"Four Days of Naples, The (Le quattro giornate di Napoli) and Rozalie",O'Looney Joyous
326,"Well Digger's Daughter, The (La fille du puisatier) and Joleen",McAulay Putnem
327,My Life in Pink (Ma vie en rose) and Martin,Farrens Ruthie
328,Offender and Kane,Pemble Ivie
329,Return and Isa,Gornall Worden
330,"Desperate Hours, The and Celestina",Ricardet Dalton
331,"Year of Living Dangerously, The and Jourdain",Sturror Pearline
332,Rocket Singh: Salesman of the Year and Dame,Lots Kasey
333,Budrus and Carrissa,Queen Gilda
334,Salting the Battlefield and Karel,Kemetz Jesselyn
335,"Happiness Is a Warm Blanket, Charlie Brown and Cassaundra",Sandifer Fredi
336,Contagion / Bio Slime and Winny,Rodliff Ardeen
337,"Move Over, Darling and Trista",Rapin Shoshana
338,Trails (Veredas) and Merrily,Greystock Marco
339,Someone Else's America and Jemima,Ancliffe Thorvald
340,Jerry Seinfeld: 'I'm Telling You for the Last Time' and Gifford,Capelen Chuck
341,Kvarteret Skatan reser till Laholm and Agatha,Hamlen Carlos
342,Bewitched (Alter Ego) and Yardley,Ouldcott Micky
343,Confessions of a Dangerous Mind and Pavia,Wield Ainslie
344,The Monastery of Sendomir and Itch,Gersam Larina
345,Real Life and Berkeley,Turpey Ivor
346,I Am Waiting (Ore wa matteru ze) and Carena,Smither Stanley
347,"Plot Against Harry, The and Elena",Showen Ignazio
348,"Far Off Place, A and Carolin",Febry Ros
349,Iraq in Fragments and Ezmeralda,Alabaster Jacob
350,Scorcher and Rosanne,Morratt Carlos
351,Excuse My Dust and Renaldo,Boame Leta
352,They Call Me Trinity and Giorgio,McCreery Tallou
353,Stacy's Knights and Valentia,MacFarlan Rochell
354,Libel and Dallis,Farrens Karilynn
355,The Batman vs. Dracula and See,Maginn Ewell
356,Fright Night and Fee,Royall Frederich
357,Charly and Gae,Woodroffe Esma
358,Flicker and Ewell,Biaggelli Darrin
359,Infestation and Eartha,Bending Ray
360,Hachiko: A Dog's Story (a.k.a. Hachi: A Dog's Tale) and Marielle,Marle Eartha
361,"Sunfish, The (Klumpfisken) and Cherilyn",Ivins Walton
362,Mad Bastards and Madlen,Wesgate Lynett
363,Bread and Chocolate (Pane e cioccolata) and Justus,Sturror Gilda
364,Very Annie Mary and Garvey,Inston Wang
365,Casper Meets Wendy and Rayshell,Remon Elena
366,Newcastle and Cart,Dumbellow Alford
367,Grouse and Donnie,Winckle Billy
368,"Eye of the Storm, The and Hamel",Harms Beret
369,"Mystery of Picasso, The (Le mystère Picasso) and Ondrea",Rolph Durante
370,Through the Olive Trees (Zire darakhatan zeyton) and Nathan,Toderini Kacie
371,Magnificent Obsession and Ward,Casswell Keen
372,"Bourne Identity, The and Lianna",Tourle Burnaby
373,"Brass Teapot, The and Torrance",Begley Caprice
374,Michael Laudrup - en Fodboldspiller and Gerhardine,Vasilov Sheba
375,"Mummy, The and Adriane",Weond Laurella
376,"Myth of the American Sleepover, The and Avictor",Lockwood Madalyn
377,Green Street Hooligans 2 and Ringo,Lorenc Tyrus
378,"Violent Cop (Sono otoko, kyôbô ni tsuki) and Neils",Everington Gianni
379,Beethoven's 5th and Angel,Giorgiutti Herc
380,Mahjong (Ma jiang) and Deeanne,Le Gallo Isiahi
381,Moontide and Jessica,Perris Pris
382,35 Shots of Rum (35 rhums) and Elsey,Colegrove Georgy
383,Time Limit and Johnnie,Duke Klarika
384,I Love You Phillip Morris and Dorotea,Tomsa Wallie
385,Black Robe and Dalton,Cockerham Guillemette
386,Mighty Peking Man (a.k.a. Goliathon) (Xing xing wang) and Garvey,Worcester Jere
387,Me Without You and Darius,Fulle Davey
388,Caprice and Norton,Castanho Joe
389,Svidd Neger and Blakeley,Alabaster Sid
390,Zotz! and Niles,Wrench Nathan
391,Ghost Son and Byran,Scirman Shelbi
392,My Lucky Stars (Fuk sing go jiu) and Vonny,Olenikov Sean
393,Beneath the Dark and Lanny,McDirmid Rosanne
394,Animated Motion: Part 5 and Cosetta,Attarge Sherline
395,Man's Castle and Rodi,Waple Jocelin
396,"If I Want to Whistle, I Whistle (Eu cand vreau sa fluier, fluier) and Trisha",Kimbly Madlen
397,Extraction and Erick,Paddeley Jacob
398,Bombay Beach and Sherline,Flattman Bernie
399,Favela Rising and Frederique,Burney Magdalen
400,"God is Great, I'm Not (Dieu est grand, je suis toute petite) and Merle",Danes Cesya
401,Resurrecting the Street Walker and Sergei,Zanneli Van
402,To Tulsa and Back: On Tour with J.J. Cale and Kristine,Lockwood Mavra
403,Get Him to the Greek and Berget,Malinson Pietro
404,Picture Bride (Bijo photo) and Angel,Dielhenn Megan
405,Live from Baghdad and Boniface,Baitman Jolene
406,Killer at Large and Ofelia,Whitechurch Farr
407,Norma Jean & Marilyn and Davey,Crebo Tedda
408,The Crown Jewels and Domini,Bignal Fee
409,"Oh, God! and Farrand",McGregor Alli
410,Willard and Novelia,Bridson Kristos
411,"Frozen Ground, The and Jenni",Hilhouse Lukas
412,More Than Honey and Mavra,Figgess Regan
413,"Girl with the Dragon Tattoo, The (Män som hatar kvinnor) and Tommy",Macellar Rudolfo
414,BURN-E and Bertie,Parfett Adolf
415,Hawking and Ardeen,Duncklee Wye
416,Baxter and Elbert,Annion Alethea
417,"Woman Who Wasn't There, The and Arnaldo",Rodda Salomone
418,Big Bad Love and Curran,Tolomei Georgy
419,Marnie and Carena,Thomsen Kinna
420,"Big Doll House, The and Dillon",Keeting Bryant
421,Gett: The Trial of Viviane Amsalem and Seana,O'Crotty Manuel
422,Dr. No and Doralynne,Fort Evangelina
423,Yesterday and Ignazio,Garnsworth Emmi
424,Alien Cargo and Toby,Duprey Wiatt
425,"Dark Half, The and Karon",Lansbury Oren
426,Reel Rock 7  and Erin,Hellard Harbert
427,My Brother the Devil and Reyna,Lorenc Garvey
428,Romeo and Juliet and Martin,Knibb Rich
429,Hellgate and Merle,Keeting Adelbert
430,Bruce Almighty and Jessica,Pirolini Keen
431,Tough Guys Don't Dance and Lambert,Rizzolo Arel
432,"Misérables, Les and Shana",Feige Curran
433,Orders to Kill and Doralynne,Colliber Travis
434,House of Dracula and Erinn,Huchot Abran
435,"Four Feathers, The and Stirling",Kingscote Calypso
436,Friends with Money and Chrisy,Swyer Golda
437,2009: Lost Memories and Britta,Sime Sawyer
438,"Doll Squad, The and Bernardina",Cosford Melony
439,Scenic Route and Theodor,Caldaro Boyce
440,History of Hell (Rosas Höllenfahrt) and Wiatt,Cavill Vince
441,High Risk and Jayne,covino Nicolle
442,Dutchman and Jordanna,Klassman Elva
443,Better Living Through Circuitry and Lewie,Bigadike Chrisy
444,True Grit and Itch,Knibb Christy
445,The Epic of Everest and Gabby,Orring Leta
446,"Good Night, and Good Luck. and Vittorio",McChruiter Ber
447,"Delivery, The and Marty",Presslie Gerardo
448,Rendez-vous and Clementine,Toy Prent
449,50 First Dates and Adolf,Brinkworth Marlyn
450,"Drawn Together Movie: The Movie!, The and Wallie",Duncklee Briana
451,Joe Strummer: The Future Is Unwritten and Elsey,Linturn Wit
452,"Lawless, The and Lionel",Mitkcov Kania
453,The Merry Widow and Itch,Baudry Britta
454,"Last Laugh, The (Letzte Mann, Der) and Wheeler",Gilliard Robbi
455,Van Gogh and Valentina,Thoumas Gertie
456,Wise Blood and Joe,Winckle Darryl
457,Evil (Ondskan) and Amandi,Macellar Elena
458,"Night to Remember, A and Issiah",Trusse Dorri
459,Chaplin and Vonny,Worboy Donnamarie
460,Beautiful Lies (De vrais mensonges) (Full Treatment) and Maible,Toy Adelind
461,Cherry Falls and Spencer,Harms Laughton
462,"Wackness, The and Golda",Segoe Rickey
463,They Came Together and La verne,Ramsdale Ingeborg
464,Hellraiser: Revelations and Corey,Peres Sax
465,Mrs. Dalloway and Evonne,McCrum Nedi
466,21 and Delora,Gilbey Spencer
467,"Class, The (Klass) and Carroll",Simeonov Marietta
468,God Is the Bigger Elvis and Elaine,Bradbrook Gunther
469,Conquest of the Planet of the Apes and Domini,Packe Rory
470,Addicted to Love and Hilliary,Charlick Ettore
471,Ice Station Zebra and Lynnet,Cockin Toby
472,Outside the Law and Hube,Tomlins Ewell
473,Phat Girlz and Eartha,O'Hearn Risa
474,Virginia and Dillon,L'argent Billy
475,Touch of Pink and Leisha,Bengall Kai
476,"Sweet Hereafter, The and Felice",Copsey Cybill
477,Summer Catch and Reyna,Kingsland Kerianne
478,Jeepers Creepers and Lisha,Ambrogi Lynett
479,"Selfish Giant, The and Muire",Gowans Torrance
480,No Holds Barred and Lizzy,Hayselden Wadsworth
481,Topsy-Turvy and Fons,Bedboro Van
482,"Statues Also Die (Statues meurent aussi, Les) and Jean",Mateiko Gerek
483,7th Cavalry (Seventh Cavalry) and Brandie,Vel Jenni
484,Kill Me Later and Gav,Readwing Nicolle
485,"Crazy, Stupid, Love. and Briant",Simeonov Issi
486,Seven Girlfriends and Vitia,MacInnes Ainslie
487,Charlie Chan's Chance and Frederica,McCrum Sofie
488,"Girl, The and Derby",Duncklee Evangeline
489,Indiana Jones and the Kingdom of the Crystal Skull and Mariquilla,Antrobus Jordanna
490,Anatomy of a Murder and Mariquilla,Frany Lindsey
491,Without Limits and Marco,Barrington Jolene
492,The Confessions of Bernhard Goetz and Perrine,Largent Jacob
493,"Touch of Class, A and Martie",Lilie Jessika
494,"Monster X Strikes Back: Attack the G8 Summit, The (Girara no gyakushû: Tôya-ko Samitto kikiippatsu) and Worden",Schleswig-Holstein Frans
495,Your Life in 65 (Tu vida en 65') and Jarret,Tomsa Rodi
496,Jerry Seinfeld: 'I'm Telling You for the Last Time' and Miranda,McDirmid Niki
497,"Mermaid, The (Rusalka) and Arel",Okie Jarret
498,Last Run and Elwyn,Drewet Laughton
499,Happy People: A Year in the Taiga and Jordanna,Townshend Kamillah
500,Babylon 5: The Legend of the Rangers: To Live and Die in Starlight and Connor,Silversmidt Scott
501,"Tulse Luper Suitcases, Part 1: The Moab Story, The and Floria",Ville Kania
502,Send Me No Flowers and Kelci,MacKeague Gale
503,Helen and Sandra,Waddicor Dian
504,Saving Shiloh and Siffre,Thewless Nathalie
505,"Naked Gun 2 1/2: The Smell of Fear, The and Albertina",Barrington Flint
506,Smiling Fish and Goat on Fire and Laura,Cordelle Lambert
507,009 Re: Cyborg and Casey,Callaby Leslie
508,Oh My God and Maddie,Caldaro Winfred
509,Bullitt and Bradley,Hilhouse Dorri
510,Tiresia and Eben,Kleinstub Natalee
511,Relationship Status: It's Complicated and Gerald,O'Hearn Scott
512,Mr. Mom and Bibby,Lyttle Shelbi
513,"Spiderwick Chronicles, The and Amandi",Boutell Sofie
514,"Murderous Maids (Blessures assassines, Les) and Rufus",Huyge Ronica
515,In the Cut and Gussy,Chopin Mariquilla
516,Stille nacht and Howey,Abry Shirl
517,Bronx Obama and Ros,Lots Davie
518,Santa Claus and Milton,Nabarro Grady
519,"Secret Life of Words, The and Michaeline",Gremain Dolph
520,"Same Time, Next Year and Isidro",Toy Issiah
521,My Mother's Smile (a.k.a. The Religion Hour) (L'ora di religione) (Il sorriso di mia madre) and Olav,Drever Dorene
522,Marquis and Madalyn,Pyper Chrysler
523,Richard Pryor Live on the Sunset Strip and Perrine,Lots Linet
524,One Week and Cal,Cloughton Heidi
525,"Merchant of Venice, The and Rayshell",Everington Edith
526,Alexandria... Why? (Iskanderija... lih?) and Shelly,Febry Cordy
527,"Stendhal Syndrome, The (Sindrome di Stendhal, La) and Celestina",Screen Dari
528,From the Earth to the Moon and Doralynne,Constance Zollie
529,"Journey of Natty Gann, The and Obadiah",Scarse Amabel
530,Blonde Crazy and Adella,Shelmardine Hendrick
531,CJ7 (Cheung Gong 7 hou) and Jakie,Tipling Tamra
532,"Hunchback of Notre Dame, The (Notre Dame de Paris) and Risa",Vaugham Silvan
533,"Toxic Avenger Part III: The Last Temptation of Toxie, The and Calypso",Gowans Shayne
534,By the Law and Jacquetta,Doberer Joseito
535,Hearts of Darkness: A Filmmakers Apocalypse and Sella,Babar Frans
536,Crime Zone and Elva,Juszczak William
537,"Betrayed (True and the Brave, The) and Mendy",Gass Morgan
538,"Jacket, The and Larina",Alpe Whitman
539,Last Call (Hoogste tijd) and Hadrian,Scirman Herman
540,Scandal Sheet and Susanna,Danes Cynthy
541,"Pretty One, The and Sharlene",Royall Doralynne
542,Faith Like Potatoes and Jocelyne,Tumioto Muire
543,Terror in a Texas Town and Udell,Silversmidt Mikaela
544,"6th Man, The (Sixth Man, The) and Mendy",Romanini Menard
545,Highball and Mufinella,Cosford Barclay
546,Batch '81 and Jenni,Barber Ev
547,Autómata (Automata) and Hobard,Aries Billy
548,Ghost Ship and Ruggiero,Gremain Vasili
549,Hopscotch and Abran,Walcot Herman
550,Pokémon 3: The Movie and Rockie,Threader Tommy
551,Gertrud and Abran,Sponton Weylin
552,"Confessional, The (Confessionnal, Le) and Bernardina",Waud Neils
553,"Dark Corner, The and Rutherford",Stokey Hamel
554,"Rink, The and Dora",MacAskill Sloan
555,Confidential Agent and Shoshana,Burnapp Orin
556,My Old Lady and Trisha,Langhor Shelbi
557,"Matter of Taste, A (Affaire de Goût, Une) and Farley",Clayworth Leonhard
558,Loaded and Muire,Beeton William
559,Trixie and Marco,Turrill Izabel
560,Jubilation Street and Christiana,Serginson Siffre
561,Simple Simon (I rymden finns inga känslor) and Massimo,Summers Johnnie
562,The Count of Monte Cristo and William,Blowen Kane
563,"Bow, The (Hwal) and Rosco",Steenson Herman
564,Muzi v nadeji and Curran,Pyper Blakeley
565,Zorba the Greek (Alexis Zorbas) and Jacquie,Easson Nadine
566,10 Years and Paulita,Kirstein Winna
567,"Dream of Light (a.k.a. Quince Tree Sun, The) (Sol del membrillo, El) and Dell",Oade Nathalie
568,Tycoon and Tim,Jarmaine Brad
569,Two Shots Fired and Kevina,Threader Justin
570,Zombie and the Ghost Train (Zombie ja Kummitusjuna) and Bonita,Bartolomucci Lizzy
571,"Law of Desire (Ley del deseo, La) and Boniface",Lyddon Laura
572,Marley & Me and Aliza,Dalliwater Alister
573,"Last House on the Left, The and Marilyn",Langhor Blanche
574,Hippie Masala - Forever in India and Dana,Annion Keslie
575,Captain from Castile and Shepperd,Tolomei Kirstin
576,"O Brother, Where Art Thou? and Marielle",Cornehl Martynne
577,Africa: The Serengeti and Joe,Marle Evangelina
578,Kiss of the Damned and Issi,Flattman Caritta
579,"Sting II, The and Rory",Siebert Isidro
580,"Art of Travel, The and Merridie",Lowen Marcie
581,Nazarin (Nazarín) and Novelia,Braune Margarita
582,Frances and Rhiamon,Setch Eartha
583,What to Expect When You're Expecting and Marietta,Begley Salomone
584,Morning Glory and Hobard,Chaunce Felipe
585,Shirin and Carlos,Walhedd Martica
586,"Bridge, The (Die Brücke) and Dunstan",Bigadike Boniface
587,"Sheik, The and Hube",Hollyer Myer
588,Clash of the Wolves and Munroe,Few Karilynn
589,Ice Poison and Bernie,Beardsdale Natalee
590,"Lovely Bones, The and Burnaby",Krystof Shaylynn
591,"Fearless Vampire Killers, The and Norton",Issacoff Ulrikaumeko
592,Floods of Fear and Allard,Laviste Olav
593,Better Off Dead... and Juliann,Fernanando Pris
594,Pulse and August,Chatel Renaud
595,August and Pansie,Swanborough Roscoe
596,Foxfire and Marnia,Aspel Silvan
597,Innocent Lies and Evvy,Gabala Lorine
598,The Interview and Rickey,Spradbery Paulita
599,Our Town and Angel,Gilfillan Bernie
600,Scanners III: The Takeover (Scanner Force) and Hartwell,Sline Filberte
601,See Heaven and Kamillah,Suston Constance
602,Blackjack and Boniface,O'Curran Keen
603,Beauty #2 and Dierdre,Suston Artair
604,Hotel Chevalier (Part 1 of 'The Darjeeling Limited') and Quinlan,Morehall Mendy
605,Lightning in a Bottle and Reta,Giddons Sax
606,Beavis and Butt-Head Do America and Catlaina,Halfacre Ted
607,Bachelor Night and Janos,Padley Johnathan
608,"Downfall (Untergang, Der) and Blakeley",Kemetz Stephan
609,"Loss of Sexual Innocence, The and Ceciley",Tomlin Domini
610,15 and Trisha,Davie Davida
611,"Bonheur, Le and Channa",Allone Ricki
612,Wild Wild West and Karim,Timmins Georgie
613,Ambush Trail and Cristian,Litel Kermy
614,Roxanne and Teddy,Langmead Riordan
615,"Fly, The and Feliks",Rolfini Dolf
616,Rosso and Feliks,Georgiev Marco
617,"Pit, the Pendulum and Hope, The (Kyvadlo, jáma a nadeje) and Elbert",Gilks Tallou
618,Sweet Smell of Success and Angelia,Koopman Colan
619,Jaws and Mavra,Jorez Dee
620,Unfinished Sky and Madlin,Kacheler Zarah
621,Wah-Wah and Der,Maytom Elva
622,Anacondas: The Hunt for the Blood Orchid and Ondrea,Dollman Sloan
623,What's Your Number? and Fionnula,Gowans Emmi
624,Fire Birds and Mabel,Aspel Blanche
625,Catch-22 and Melony,Dealey Dicky
626,Memoirs of a Geisha and Carolan,Sime Jerrold
627,Soldier and Tim,Duprey Sax
628,Mr. Saturday Night and Scott,Guidone Retha
629,My Lucky Stars (Fuk sing go jiu) and Angel,Langford Lyda
630,Four Nights with Anna (Cztery noce z Anna) and Rory,Johananov Casey
631,"Autobiography of Miss Jane Pittman, The and Adella",Boldison Breena
632,Blast of Silence and Roarke,Gilfillan Daryl
633,Lilies and Herc,Bowich Dee
634,Colorado Territory and Gareth,Swanborough Jeremie
635,Hot Fuzz and Redd,Bourcq Alli
636,Brown's Requiem and L;urette,Ruckhard Alley
637,"Salvation, The and Issi",Capelen Kerry
638,Cabaret Balkan (Bure Baruta) and Cherilyn,Hilhouse Howey
639,"Case of You, A and Cherilyn",McKinstry Lorrayne
640,This Thing With Sarah and George,Itzkovitch Dinnie
641,Where Eagles Dare and Mavra,Weond Desiri
642,PK and Constanta,Sammonds Jobyna
643,Jolson Sings Again and Monty,Renals Anders
644,We're Not Dressing and Gardiner,Renals Gifford
645,Pillow Talk and Nathan,Urrey Maurice
646,Kevin Smith: Sold Out - A Threevening with Kevin Smith and Emmalynn,Pacitti Christine
647,"Execution of P, The (Kinatay) and Jocelin",Walthall Elaine
648,Up the Sandbox and Hartwell,Kamall Susannah
649,Wasteland and Rubia,Leving Star
650,Don 2 and Pearline,Verdey Lianna
651,For All Mankind and Bendix,Skinn Emylee
652,"Straits of Love and Hate, The (Aien kyo) and Marianna",Stable Bessie
653,Winterhawk and Wadsworth,Stokey Ivie
654,"Boy Who Could Fly, The and Lyda",Lamasna Cleon
655,Fool's Gold and Melita,Dulson Lucila
656,Hollywoodland and Carleen,Buckleigh Carolan
657,He Knows You're Alone (a.k.a. Blood Wedding) and Dicky,Kenelin Fitzgerald
658,Mallrats and Katrinka,Harses Delora
659,Transformers: The Movie and Mirabelle,Boame Stanwood
660,Halloweentown and Elmira,Boulton Samara
661,Northwest and Kerry,Huck Lesley
662,"Wayward Cloud, The (Tian bian yi duo yun) and Frederique",Batchelor Antone
663,Reel Rock 7  and Nathan,Itzakovitz Sandi
664,Son of Paleface and Tamarra,Ambrosoni See
665,"Mystery of Picasso, The (Le mystère Picasso) and Kim",Sandifer Carlin
666,Brothers at War and Aurea,Killelay Udell
667,"Book Thief, The and Ivor",Halfacre Sheba
668,"Corridor, The and Abran",Bence Caesar
669,Under the Skin and Neall,Medland Avictor
670,Ordinary Sinner and Joyous,Criag Caritta
671,Apollo 13: To the Edge and Back and Nathalie,Rubbert Jamie
672,God Grew Tired of Us and Erick,Peerless Caesar
673,Mutant Chronicles and Arel,Shepard Clemmie
674,How the West Was Won and Felipe,Donati Sawyer
675,Paradise and Adolf,Coggles Hetty
676,Star Wars: Threads of Destiny and Virgie,Ringer Milo
677,Nina's Heavenly Delights and Gabe,Begley Erick
678,Salaam Namaste and Fionnula,O' Dornan Juliann
679,Ginger and Fred (Ginger e Fred) and Dael,Garbutt Odette
680,Scourge and Marcie,Kenelin Marty
681,49 Up and Stirling,Gail Thorvald
682,Cosi and Chucho,Bigadike Giorgio
683,Smiles of a Summer Night (Sommarnattens leende) and Martynne,Rodder Elena
684,Odd Thomas and Jean,Duigenan Chrisy
685,Detachment and Isa,Bunyan Zarla
686,My Childhood and Bonita,Sturror Flo
687,West of the Divide and Nicolle,Furse Kevyn
688,All Fall Down and Lyda,Rigts Aron
689,"Wild Blue Yonder, The and Jacklin",Attarge Darryl
690,Village of the Damned and Michaeline,Wield Karim
691,Executive Suite and Mavra,Baybutt Tristam
692,Hukkle and Lianna,Lukacs Lancelot
693,Piñero and Evvy,Connar Gav
694,Thirteen Days and Paulita,Worboy Durante
695,Ghost and Blakeley,Rupprecht Levi
696,Drunks and Gussy,Nias Jamie
697,Lake City and Dian,Stokey Gaynor
698,Dream Man and Curran,Gledstane Uri
699,Hachiko: A Dog's Story (a.k.a. Hachi: A Dog's Tale) and Alli,Smallbone Cynthy
700,"Firemen's Ball, The (Horí, má panenko) and Emylee",Aleksandrev Sawyer
701,"Hole, The and Carolin",Perrycost Francklyn
702,Monument Ave. and Mabel,Dondon Jany
703,Mandela: Long Walk to Freedom and Dian,Skinn Redd
704,"Unreal Dream: The Michael Morton Story, An and Christoffer",Erickson Garret
705,White Nights and Esma,Borg-Bartolo Amabel
706,"Special Day, A (Giornata particolare, Una) and Sandra",Ferentz Shoshanna
707,Ski Patrol and Madlen,Bourcq Rory
708,Zaat and Killian,Shipley Darrin
709,LennoNYC and Nicholas,Cherry Demetris
710,Body Snatchers and Lorine,Astlett Dolf
711,"Simple Plan, A and Kristos",Watkiss Rudolfo
712,Signs & Wonders and Menard,Juszczak Georgy
713,Abols Upe and Shana,Vedeneev Lyon
714,This Gun for Hire and Johannah,Gosenell Thorin
715,"Good Morning, Babylon and Wallie",Dicke Daphne
716,"Star Is Born, A and Jessika",Riping Vonny
717,Dry Season (Daratt) and Hurlee,Aldgate Sharlene
718,'Round Midnight and Dierdre,Osbourne Darius
719,"Towering Inferno, The and Marnia",McChruiter Lionel
720,Monsters vs. Aliens and Reade,Perrot Berkeley
721,"Scapegoat, The and Cybill",Toderini Kayla
722,Interior. Leather Bar. and Christy,Hollyer Ringo
723,Hair and Ivory,Tomlin Nadine
724,Auto Focus and Bathsheba,Greenrodd Galvan
725,Last Night and Fionnula,Davidwitz Sandi
726,Arbitrage and Francklyn,Fitzsymons Kean
727,"Plague Dogs, The and Jacquelynn",Girardini Donnie
728,God's Little Acre and Sawyer,Gilliam Eartha
729,Lipton Cockton in the Shadows of Sodoma and Elaine,Bruinemann Lesley
730,"Red Beret, The and Dun",Ivins Thatcher
731,42nd Street and Mabel,Hawkswell Kaile
732,James Gandolfini: Tribute to a Friend and Elbert,Kennicott Berkly
733,Home on the Range and Ignazio,Reeme Fredi
734,Officer Down and Dorene,McGlynn Kelci
735,"Pursuit of Unhappiness, The (Anleitung zum Unglücklichsein) and Martica",Urrey Lauretta
736,Black Butterflies and Massimo,Murcott Man
737,Crime and Punishment in Suburbia and Merwyn,Chopin Goldie
738,Citizen Toxie: The Toxic Avenger IV and Jocelyne,Ovington Maribel
739,"Paperboy, The and Joe",Siemon Francklyn
740,Introducing Dorothy Dandridge and Nathalie,Binden Cory
741,Outland and Jordan,Sandham Evey
742,Heavy and Domini,Ebdin Ivory
743,Come and Get It and Lamont,Wield Richmound
744,"Nutty Professor, The and Alphard",Muxworthy Zorine
745,King of Hearts and Edith,Auguste Mead
746,"Wild, The and Merrily",Crommett Jakie
747,Driving Miss Daisy and Betteann,Wightman Ervin
748,I Love You Phillip Morris and Curran,Jentzsch Neils
749,"Wrong Guys, The and Kayla",Scarse Marcie
750,"Blind Menace, The (Shiranui kengyô) and Johannah",Olesen Jewell
751,Winnebago Man and See,Feige Nicol
752,On the Waterfront and Shadow,Besant Neddy
753,"House Bunny, The and Garold",Aldgate Jerrylee
754,"Soldier's Story, A and Rochell",Drewet Conant
755,Weirdsville and Jocelin,Odgaard Tristam
756,"Civil Action, A and Der",Wrench Shayne
757,"Electric Boogaloo: The Wild, Untold Story of Cannon Films and Shepperd",Killelay Van
758,Johnny Stecchino and Conni,Castanho Sandra
759,"Cure, The and Magdalen",Packe Ruthie
760,West of Zanzibar and Darbie,Areles Lionel
761,"Letter, The and Sharlene",Juster Evonne
762,"Blue Angel, The (Blaue Engel, Der) and Lavinie",Kennicott Helenelizabeth
763,State of Grace and Mendy,MacCarter Delcine
764,The Corsican Brothers and August,L'argent Laughton
765,Caught Up and Debora,Ehrat Karon
766,Child of Rage and Doralin,Sandham Bathsheba
767,Black Venus and Cortie,Flanagan Adolf
768,"City of Violence, The (Jjakpae) and Flint",Duncklee Shermie
769,Barbarians at the Gate and Cozmo,Righy Alix
770,Let It Snow and Sonni,Giddons Wallie
771,Rent and Wye,Kingerby Bengt
772,Dead Man's Bluff and Fianna,Vasovic Debera
773,Latter Days and Francklyn,Artinstall Rodi
774,Born Free and Avram,Dunstan Dorotea
775,"Diary of Anne Frank, The and Gwennie",Cherry Gifford
776,Showtime and Darryl,Gillie Beret
777,Boys and Jocelin,Benge Trix
778,"Devil, The (Diabel) and Lewes",Caddy Austen
779,True Grit and Orin,Westmoreland Corey
780,How to Murder Your Wife and Ofelia,Tilbury Lionel
781,"Collection, The and Frederich",Kebell Ev
782,"Whole Wide World, The and Erick",Krystof Nehemiah
783,Twin Sitters and Carmella,Scroggie Rutherford
784,Welfare and Arel,Ickovic Marcela
785,8:28 am (8 Uhr 28) and Lukas,Skoyles Heidi
786,Lost Souls and Stephan,Hurdiss Samara
787,Getting to Know You and Yale,Sturror Justus
788,Enemies Closer and Roscoe,Bradbrook Wadsworth
789,"Friend Is a Treasure, A (Chi Trova Un Amico, Trova un Tesoro) (Who Finds a Friend Finds a Treasure) and Sergei",O'Ruane George
790,Manhattan and Redd,Kerby Prent
791,Concrete Night (Betoniyö) and Hernando,Midgley Lizzy
792,Mr. Troop Mom and Cordy,Setch Welby
793,"Night the Lights Went Out in Georgia, The and Udell",Hallgath Lisha
794,"History Boys, The and Saidee",Kingsford Wade
795,Roberta and Lancelot,Colliber Salli
796,"Kremlin Letter, The and Obadiah",Wilprecht Jeanie
797,Tokyo Decadence (Topâzu) and L;urette,Mateiko Vincent
798,"Saban, Son of Saban and Daphne",Bengall August
799,Hector and the Search for Happiness and Ginnie,Monelli Whittaker
800,Rough Night in Jericho and Olav,Ohms Loise
801,Oppai Volleyball (Oppai barê) and Desiri,Mozzetti Berkly
802,Koi... Mil Gaya and Emylee,Rodda Sherwynd
803,My Chauffeur and Kevina,Dargie Zia
804,Abelar: Tales of an Ancient Empire (Tales of an Ancient Empire) and Bartholomeo,Leall Elwyn
805,Savannah Smiles and Miranda,Curme Liza
806,"Man Who Fell to Earth, The and Dianna",Novak Putnem
807,Around the World in 80 Days and Janos,Turpey Carver
808,"Doom Generation, The and Rutherford",McCreery Joell
809,How to Kill Your Neighbor's Dog and Leshia,Goley Flo
810,Primary Colors and Desiri,Crebo Jean
811,Interiors and Lukas,Danes Dolph
812,"Unlikely Weapon, An and Chrysler",McCaffrey Sonia
813,Leprechaun 4: In Space and Carmella,O'Hearn Walton
814,Sasori and Claybourne,Chirm Vonny
815,Charlie Chan in Egypt and Hervey,Scarse Steward
816,Pageant and Antone,Chopin Mariya
817,First Shot and Flo,Langford Diena
818,"Nazi Officer's Wife, The and Lukas",Sline Tammie
819,"Alice, Sweet Alice (a.k.a. Communion) (a.k.a. Holy Terror) and Karia",covino Loise
820,3 Days to Kill and Alicia,Morrissey Avictor
821,Caddyshack II and Verla,Alennikov Martica
822,"Doom Generation, The and Emmi",Wharin Steffane
823,Elsa & Fred and Bordie,Langmuir Niki
824,Magic Hunter (Büvös vadász) and Marna,Trussman Joseito
825,Cold Mountain and Curran,Gosenell Winna
826,Poetical Refugee and Riordan,Kollatsch Gifford
827,Quick Change and Guillemette,Crebo Jordan
828,"Fort Apache, the Bronx and Kermy",Matzl Elinore
829,"Aerial, The (La antena) and Winfred",Rodder Dorene
830,Pippi in the South Seas (Pippi Långstrump på de sju haven) and Maddie,Molson Cory
831,Mammoth (Mammut) and Erinn,MacCallum Revkah
832,Smokin' Aces 2: Assassins' Ball and Wilone,Winckle Novelia
833,Tout ce qui brille and Rhianna,Valder Harbert
834,"Red Balloon, The (Ballon rouge, Le) and Yankee",Bushen Curran
835,Rhapsody in Blue and Alair,Nabarro Jacquetta
836,Street Fighter: The Legend of Chun-Li and Jean,Strangeways Krystle
837,Nosferatu the Vampyre (Nosferatu: Phantom der Nacht) and Anders,Edmead Betti
838,"Chance of a Lifetime, The and Manya",Genicke Van
839,"Rink, The and Clemmie",Morhall Mendy
840,Pusher and Johnnie,Olenikov Rich
841,Quill and Paddy,Rabbet Mariquilla
842,Land of the Blind and Jenni,Lamasna Christoffer
843,"Holy Innocents, The (Santos inocentes, Los) and Carolan",Aspel Francesco
844,Leather Jacket Love Story and Charity,Wagg Natassia
845,Bullhead (Rundskop) and Carlos,Palle Christy
846,Pretty Sweet and Fianna,Novakovic Allard
847,"Talent Given Us, The and Charmane",Valadez Delphine
848,Benji the Hunted and Sergei,Eakley Lavinie
849,Don't Be Afraid of the Dark and Alley,Caldaro Uri
850,The Walking Stick and Liane,Bedboro Menard
851,Antiviral and Janaya,O'Crotty Alva
852,World on a Wire (Welt am Draht) and Renaud,Bourne Drusi
853,"Hammer, The and Anders",Wightman Harbert
854,"Horse Rebellion, The (Pulakapina) and Brice",Bock Byran
855,L.A. Zombie and Joleen,Christol Marcie
856,Repentance (Monanieba) and Bertie,Starkings Nicol
857,Judas Kiss and Sandie,McKinstry Amandi
858,When a Stranger Calls and Tommy,Shelmardine George
859,August Rush and Rochell,Van de Castele Jessika
860,Gangs of Wasseypur and Clementine,Stiff Benji
861,"Stranger, The and Fleurette",Ambrosoni Sammie
862,Passionada and Charmane,Yearne Camile
863,2 + 2 (Dos más dos) and Kacie,Vannini Jarret
864,Days and Nights and Dukie,Beardsall Gareth
865,Rosetta and Heywood,Orkney Sherwynd
866,L.I.E. and Zarah,Sheed Joyous
867,Heading South (Vers le sud) and Pamela,Perrot Ignazio
868,"Window, The and Andre",Tulk Rochell
869,"Barber of Siberia, The (Sibirskij tsiryulnik) and Berkeley",Kemetz Elena
870,Love Stinks and Billy,Badland Maible
871,"Evening Star, The and Toiboid",O'Crevan Der
872,I Melt with You and Giffard,Gullifant Lambert
873,August and Floria,Vivers Britt
874,Somm and Catlaina,Auguste Mead
875,Without a Paddle and Dianna,Girardini Beret
876,The Rise and Susannah,Derl Kelci
877,"Lonely Guy, The and Kassie",Chopping Sonia
878,American Pie Presents The Naked Mile (American Pie 5: The Naked Mile) and Clemmie,Gabala Bria
879,Soul Assassin and Retha,Corps Francklyn
880,"Oh, Woe Is Me (Hélas pour moi) and Wit",Dowty Nathalie
881,Trouble in Mind and Remus,Langmuir Christie
882,The Magnificent Gladiator and Udell,Berndtsson Keene
883,Blue Velvet and Bobbie,Thome Maynord
884,Trapped in the Closet: Chapters 1-12 and Florina,Whitehead Antone
885,Marley and Lora,Sanford Garvey
886,Quicksilver and Harbert,Wesgate Carrissa
887,"Abyss, The and Florella",Boutell Conant
888,Confessions from a Holiday Camp and Ewell,Charlick Patrice
889,Amber Lake  and Wilhelmine,Swyer Ody
890,Captive Heart: The James Mink Story and Jacklin,Clayworth Regan
891,Pistol Opera (Pisutoru opera) and Ricki,Ilbert Abdel
892,Geri's Game and Liv,Cheney Janos
893,Light of Day and Zorine,Skinn Sonni
894,Texas Rangers and Maxie,Rigts Lambert
895,Hammer of the Gods and Bibby,Chopin Ody
896,True Love and Lindsey,Kamall Evey
897,The Third Reich: The Rise & Fall and Ted,Myhan Micky
898,Love Exposure (Ai No Mukidashi) and Ringo,Manoelli Christine
899,"Delphine 1, Yvan 0 and Broddie",Dumingo Paddy
900,Young Einstein and Rhiamon,Fairbairn Anson
901,Mitt and Thorin,Hilhouse Morgan
902,In My Skin (Dans ma Peau) and Steffane,Mateiko Marjie
903,8MM 2 and Val,Beahan Trista
904,Carnosaur and Star,Walhedd Salli
905,"Incruste, L' (a.k.a. L'Incruste, fallait pas le laisser entrer!) and Isidro",O'Curran Obadiah
906,As Tears Go By (Wong gok ka moon) and Mireille,Manoelli Darryl
907,Four Stories of St. Julian  and Dael,Kimbling Tamra
908,"Gunfight at Dodge City, The and Ulrikaumeko",Lynthal Tomasine
909,"Spring, Summer, Fall, Winter... and Spring (Bom yeoreum gaeul gyeoul geurigo bom) and Sax",Dumbellow Connor
910,You Only Live Twice and Galvan,Ringer Flint
911,They All Laughed and Miranda,Soldner Laure
912,Fantasma and Lianna,Manilow Lindsey
913,American Dream and Odette,Helks Stephan
914,Leave The World Behind and Ewell,Francie William
915,"Godzilla, Mothra, and King Ghidorah: Giant Monsters All-Out Attack (Gojira, Mosura, Kingu Gidorâ: Daikaijû sôkôgeki) (Godzilla, Mothra and King Ghidorah: Giant Monsters All-Out Attack) and Sheba",Abry Jocelyne
916,A Run for Your Money and Tonye,Langmead Joseito
917,"Center of the World, The and Dwight",O'Cannavan Christy
918,Ice Age and Gerek,Lomb Lianna
919,Amazing Journey: The Story of The Who and Domini,Spon Ignazio
920,Arena and Leisha,Cockin Bancroft
921,Dead Man's Walk and Colin,Sandham Ray
922,"Way of War, The and Lyndsay",Lyttle Jamie
923,Scorching Winds (Garm Hava) (Garam Hawa) and Bibby,Trussman Elbert
924,My Week with Marilyn and Yardley,D'Ambrogi Isidro
925,Neverwas and Verla,Hughman Sawyer
926,King of Thorn (King of Thorns) (Ibara no O) and Maible,Rodder Niki
927,"Thousand Words, A and Hobard",Rapaport Udell
928,Raincoat and Joleen,Furse Broderick
929,Immortal Sergeant and Darius,Johananov Betteann
930,Paternity and Bessie,Edridge Joshuah
931,Petulia and Deeanne,Packe Livvy
932,Husk and Dierdre,Bock Daryl
933,"High Tech, Low Life and Paddy",Rodda Marve
934,Teddy Bear (10 timer til Paradis) and Stanly,Trussman Whitman
935,"Assassination of Richard Nixon, The and Gav",Matzkaitis Florella
936,She Gods of Shark Reef and Paolo,Mottini Cristi
937,Il Mare (Siworae) and Joshuah,Wreak Forster
938,When Jews Were Funny and Bertie,Eakley Mufinella
939,"Fighting Sullivans, The (Sullivans, The) and Debbie",Readwing Corny
940,"Proud and the Beautiful, The (Orgueilleux, Les) (Proud Ones, The) and Karilynn",Balasini Carleen
941,"Slaughter Rule, The and Massimo",D'Aulby Trevar
942,Watership Down and Wilone,Morton Marlena
943,"Great Gatsby, The and Arlin",Morehall Ainslie
944,Fellini: I'm a Born Liar (Fellini: Je Suis um Grand Menteur) and Maurine,Coonan Jocelyne
945,"Lord of the Rings: The Return of the King, The and Merrily",Blodg Bancroft
946,Journey to the Center of the Earth and Kristine,Doberer Roley
947,G.I. Joe: The Movie and Kirstin,Farrens Brice
948,Cold Prey (Fritt Vilt) and Jacklin,Venus Dorene
949,I Know Where I'm Going! and Kinna,Wharin Christie
950,I'm Starting From Three (Ricomincio da Tre) and Itch,Smiths Gerek
951,Constantine and Nathan,Thewless Emory
952,Lonelyhearts and Jeremie,McDool Sandi
953,"Public Eye, The and Toiboid",Liddicoat Conni
954,"Henry: Portrait of a Serial Killer, Part 2 and Kevan",Halfacre Karia
955,Broken Lullaby (a.k.a. The Man I Killed) and Vitia,Baudry Dinnie
956,"Verlorene, Der (Lost One, The) and Megan",Tumioto Nadine
957,Zombies on Broadway and Ibrahim,Duncklee Renaldo
958,Ninja III: The Domination and Kathrine,Valadez Andonis
959,Origin: Spirits of the Past (Gin-iro no kami no Agito) and Tyne,MacFarlan Lionel
960,Pacific Rim and Julianne,Dumbellow Florina
961,"Woman In Berlin, A (Anonyma - Eine Frau in Berlin) and Hilliary",Auchterlony Rance
962,First Shot and Christiana,Lansbury Issiah
963,Tyler Perry's A Madea Christmas and Edithe,Ilbert Jarret
964,"Lion King II: Simba's Pride, The and Feliks",Galbreath Claudianus
965,Never Give a Sucker an Even Break and Niki,Donati Lorine
966,Novocaine and Jobyna,Farrens Nicolle
967,Still Walking (Aruitemo aruitemo) and Bernie,Crommett Blondie
968,Suite Française and Vanya,Cavill Trisha
969,"Seducing Doctor Lewis (Grande séduction, La) and Nedi",Matzeitis Donnamarie
970,"Cercle Rouge, Le (Red Circle, The) and Delcine",Cowterd Leonhard
971,Sword of Gideon and Carine,Duddan Garvey
972,"Last Supper, The and Anton",Weinberg Sherwin
973,"Five Obstructions, The (Fem benspænd, De) and Niven",Matheson Darryl
974,Once Around and Fleur,Barber Pamela
975,"Era of Vampires, The and Allard",Giorgiutti Val
976,Hollywood Sex Wars and Cherilyn,Keele Jacklin
977,Stay as You Are and Ettore,Cheney Magdalen
978,Illuminata and Vonny,Proffitt Harbert
979,Reservation Road and Rickard,MacFarlan Loise
980,Transcendence and Florella,Ouldcott Herc
981,Vampire in Brooklyn and Rutherford,Symers Marilyn
982,Offspring  and Kai,Fer Gussy
983,Stan Helsing and Maribel,Collin Sloan
984,Spanglish and Felice,Hamblin Madlen
985,Stromboli and Liza,Spurnier Benji
986,"Very Social Secretary, A and Kathy",Alennikov Roscoe
987,"Passionate Friends, The (a.k.a. One Woman's Story) and Ibbie",Bessom Sherline
988,Million Dollar Mermaid and Querida,Berriman Vail
989,Mission: Impossible - Ghost Protocol and Novelia,Dumbreck Sonni
990,"Black Power Mixtape 1967-1975, The and Wiatt",Rapin Alley
991,Karate-Robo Zaborgar (Denjin Zabôgâ) and Kingston,Sammonds Domini
992,"Good Morning, Night (Buongiorno, notte) and Bernie",Gosden Madalyn
993,We Were Soldiers and Caresse,MacVanamy Troy
994,"Cry of the Owl, The and Gareth",Quigg Berkeley
995,"Howling, The and Ingeborg",Crebott Jocelyne
996,Van Diemen's Land and Dael,Maso Salli
997,"Boy Who Could Fly, The and Anjela",Harrhy Olly
998,Cockpit and Maurine,Egan Erick
999,"Promise, The (Versprechen, Das) and Bethany",Klassman Eartha
1000,Virtuality and Darius,Barrington Alli
